OBJECTID,gbifID,datasetKey,occurrenceID,kingdom,phylum,class,order_,family,genus,species,infraspecificEpithet,taxonRank,scientificName,verbatimScientificName,verbatimScientificNameAuthorship,countryCode,locality,stateProvince,occurrenceStatus,individualCount,publishingOrgKey,decimalLatitude,decimalLongitude,coordinateUncertaintyInMeters,coordinatePrecision,elevation,elevationAccuracy,depth,depthAccuracy,eventDate,day,month,year,taxonKey,speciesKey,basisOfRecord,institutionCode,collectionCode,catalogNumber,recordNumber,identifiedBy,dateIdentified,license,rightsHolder,recordedBy,typeStatus,establishmentMeans,lastInterpreted,mediaType,issue,Nat_resistance_2011,Nat_2c_default_corridors,Nat_3c_default_corridors,GP_Nat_node_corridors,GP_Nat_bar_corridors,node_close_corridors,GP_bar_close_corridors,Nat_2c_default_corridors_truncated_at_200k,Nat_3c_default_corridors_truncated_at_200k,GP_Nat_node_corridors_truncated_at_200k,GP_Nat_bar_corridors_truncated_at_200k,GP_bar_close_corridors_truncated_at_200k,node_close_corridors_truncated_at_200k
1,2460163399,50c9509d-22c7-4a22-a47d-8c48425ef4a7,https://www.inaturalist.org/observations/35747679,Animalia,Chordata,Mammalia,Carnivora,Mustelidae,Martes,Martes pennanti,,SPECIES,"Pekania pennanti (Erxleben, 1777)",Pekania pennanti,,US,,Vermont,,,28eb1a3f-1c15-4a95-931a-4af90ecb574d,44.69477,-72.666111,128,,,,,,2019-11-16T14:21:06Z,16,11,2019,8631083,5218855,HUMAN_OBSERVATION,iNaturalist,Observations,35747679,,,2019-11-16T19:35:20Z,CC_BY_NC_4_0,Noel Dodge,Noel Dodge,,,2019-11-29T15:09:44.900Z,StillImage,COORDINATE_ROUNDED;GEODETIC_DATUM_ASSUMED_WGS84,1,337157,337157,51724,149416,319202,430333,,,51724,149416,,
2,2460060171,50c9509d-22c7-4a22-a47d-8c48425ef4a7,https://www.inaturalist.org/observations/35924941,Animalia,Chordata,Mammalia,Carnivora,Mustelidae,Martes,Martes pennanti,,SPECIES,"Pekania pennanti (Erxleben, 1777)",Pekania pennanti,,US,,Vermont,,,28eb1a3f-1c15-4a95-931a-4af90ecb574d,44.340861,-72.461378,,,,,,,2014-12-26T03:55:00Z,26,12,2014,8631083,5218855,HUMAN_OBSERVATION,iNaturalist,Observations,35924941,,,2019-11-21T19:46:51Z,CC_BY_NC_4_0,Erika Mitchell,Erika Mitchell,,,2019-11-29T15:09:41.514Z,StillImage,COORDINATE_ROUNDED;GEODETIC_DATUM_ASSUMED_WGS84,1,303834,303834,65166,148428,280174,375134,,,65166,148428,,
3,2459990177,50c9509d-22c7-4a22-a47d-8c48425ef4a7,http://www.inaturalist.org/observations/1214538,Animalia,Chordata,Mammalia,Carnivora,Mustelidae,Martes,Martes pennanti,,SPECIES,"Pekania pennanti (Erxleben, 1777)",Pekania pennanti,,US,,Vermont,,,28eb1a3f-1c15-4a95-931a-4af90ecb574d,44.340881,-72.461311,184,,,,,,2014-12-21T00:00:00Z,21,12,2014,8631083,5218855,HUMAN_OBSERVATION,iNaturalist,Observations,1214538,,,2019-11-17T19:52:55Z,CC_BY_NC_4_0,Erika Mitchell,Erika Mitchell,,,2019-11-29T15:09:51.280Z,StillImage,GEODETIC_DATUM_ASSUMED_WGS84,1,303834,303834,65166,148428,280174,375134,,,65166,148428,,
4,2456577726,50c9509d-22c7-4a22-a47d-8c48425ef4a7,https://www.inaturalist.org/observations/35640737,Animalia,Chordata,Mammalia,Carnivora,Mustelidae,Martes,Martes pennanti,,SPECIES,"Pekania pennanti (Erxleben, 1777)",Pekania pennanti,,US,,Vermont,,,28eb1a3f-1c15-4a95-931a-4af90ecb574d,43.713648,-72.336601,22,,,,,,2019-11-02T10:24:48Z,2,11,2019,8631083,5218855,HUMAN_OBSERVATION,iNaturalist,Observations,35640737,,,2019-11-13T13:55:53Z,CC_BY_NC_4_0,smccaull,smccaull,,,2019-11-29T15:09:36.557Z,StillImage,COORDINATE_ROUNDED;GEODETIC_DATUM_ASSUMED_WGS84,1,244061,243708,65760,131412,187779,271973,,,65760,131412,,187779
5,2456542977,50c9509d-22c7-4a22-a47d-8c48425ef4a7,https://www.inaturalist.org/observations/35514808,Animalia,Chordata,Mammalia,Carnivora,Mustelidae,Martes,Martes pennanti,,SPECIES,"Pekania pennanti (Erxleben, 1777)",Pekania pennanti,,US,,New Hampshire,,,28eb1a3f-1c15-4a95-931a-4af90ecb574d,42.924502,-72.328213,765,,,,,,2019-11-06T09:15:40Z,6,11,2019,8631083,5218855,HUMAN_OBSERVATION,iNaturalist,Observations,35514808,,,2019-11-10T03:12:58Z,CC_BY_NC_4_0,dnallett,dnallett,,,2019-11-29T15:09:21.771Z,StillImage,COORDINATE_ROUNDED;GEODETIC_DATUM_ASSUMED_WGS84,1,217885,217913,80092,144405,139003,199965,,,80092,144405,199965,139003
6,2456532480,50c9509d-22c7-4a22-a47d-8c48425ef4a7,https://www.inaturalist.org/observations/35484032,Animalia,Chordata,Mammalia,Carnivora,Mustelidae,Martes,Martes pennanti,,SPECIES,"Pekania pennanti (Erxleben, 1777)",Pekania pennanti,,US,,New York,,,28eb1a3f-1c15-4a95-931a-4af90ecb574d,42.273828,-74.370567,,,,,,,2019-08-02T10:00:19Z,2,8,2019,8631083,5218855,HUMAN_OBSERVATION,iNaturalist,Observations,35484032,,,2019-11-09T11:28:46Z,CC_BY_NC_4_0,awesomeviewobserver,awesomeviewobserver,,,2019-11-29T15:10:27.460Z,StillImage,COORDINATE_ROUNDED;GEODETIC_DATUM_ASSUMED_WGS84,1,7493,2784,4237,2823,652,4410,7493,2784,4237,2823,4410,652
7,2456505456,50c9509d-22c7-4a22-a47d-8c48425ef4a7,https://www.inaturalist.org/observations/32158735,Animalia,Chordata,Mammalia,Carnivora,Mustelidae,Martes,Martes pennanti,,SPECIES,"Pekania pennanti (Erxleben, 1777)",Pekania pennanti,,US,,Vermont,,,28eb1a3f-1c15-4a95-931a-4af90ecb574d,44.208419,-72.783814,30,,,,,,2019-09-05T09:45:00Z,5,9,2019,8631083,5218855,HUMAN_OBSERVATION,iNaturalist,Observations,32158735,,,2019-09-05T13:57:45Z,CC_BY_NC_4_0,awerntgen,awerntgen,,,2019-11-29T15:09:23.892Z,StillImage,COORDINATE_ROUNDED;GEODETIC_DATUM_ASSUMED_WGS84,1,241768,241768,25363,103100,216034,310994,,,25363,103100,,
8,2447958452,50c9509d-22c7-4a22-a47d-8c48425ef4a7,https://www.inaturalist.org/observations/34971304,Animalia,Chordata,Mammalia,Carnivora,Mustelidae,Martes,Martes pennanti,,SPECIES,"Pekania pennanti (Erxleben, 1777)",Pekania pennanti,,US,,New York,,,28eb1a3f-1c15-4a95-931a-4af90ecb574d,42.750827,-73.341395,2710,,,,,,2019-09-21T08:08:00Z,21,9,2019,8631083,5218855,HUMAN_OBSERVATION,iNaturalist,Observations,34971304,,,2019-10-27T18:24:12Z,CC_BY_NC_4_0,Trix Niernberger,Trix Niernberger,,,2019-11-29T15:09:43.859Z,StillImage,COORDINATE_ROUNDED;GEODETIC_DATUM_ASSUMED_WGS84,7,73823,73823,9111,49918,25053,45305,73823,73823,9111,49918,45305,25053
9,2445009877,50c9509d-22c7-4a22-a47d-8c48425ef4a7,https://www.inaturalist.org/observations/34609761,Animalia,Chordata,Mammalia,Carnivora,Mustelidae,Martes,Martes pennanti,,SPECIES,"Pekania pennanti (Erxleben, 1777)",Pekania pennanti,,US,,Vermont,,,28eb1a3f-1c15-4a95-931a-4af90ecb574d,44.958684,-72.418701,27253,,,,,,2019-10-19T10:42:00Z,19,10,2019,8631083,5218855,HUMAN_OBSERVATION,iNaturalist,Observations,34609761,,,2019-10-19T22:43:09Z,CC_BY_NC_4_0,jcw,jcw,,,2019-11-29T15:09:25.953Z,StillImage,COORDINATE_ROUNDED;GEODETIC_DATUM_ASSUMED_WGS84,1,405875,405175,117420,216191,393601,504545,,,117420,,,
10,2444959659,50c9509d-22c7-4a22-a47d-8c48425ef4a7,https://www.inaturalist.org/observations/34597356,Animalia,Chordata,Mammalia,Carnivora,Mustelidae,Martes,Martes pennanti,,SPECIES,"Pekania pennanti (Erxleben, 1777)",Pekania pennanti,,US,,New York,,,28eb1a3f-1c15-4a95-931a-4af90ecb574d,42.039215,-75.022304,227,,,,,,2019-10-19T15:05:54Z,19,10,2019,8631083,5218855,HUMAN_OBSERVATION,iNaturalist,Observations,34597356,,,2019-10-19T19:11:44Z,CC_BY_NC_4_0,joeygiu,joeygiu,,,2019-11-29T15:09:19.587Z,StillImage,COORDINATE_ROUNDED;GEODETIC_DATUM_ASSUMED_WGS84,1,54275,12307,5200,20788,7320,61906,54275,12307,5200,20788,61906,7320
11,2422918333,50c9509d-22c7-4a22-a47d-8c48425ef4a7,https://www.inaturalist.org/observations/32158736,Animalia,Chordata,Mammalia,Carnivora,Mustelidae,Martes,Martes pennanti,,SPECIES,"Pekania pennanti (Erxleben, 1777)",Pekania pennanti,,US,,Vermont,,,28eb1a3f-1c15-4a95-931a-4af90ecb574d,44.208417,-72.783639,65,,,,,,2019-09-05T09:45:00Z,5,9,2019,8631083,5218855,HUMAN_OBSERVATION,iNaturalist,Observations,32158736,,,2019-09-05T13:57:46Z,CC_BY_NC_4_0,awerntgen,awerntgen,,,2019-11-29T15:09:23.259Z,StillImage,COORDINATE_ROUNDED;GEODETIC_DATUM_ASSUMED_WGS84,1,241768,241768,25363,103100,216034,310994,,,25363,103100,,
12,2422897524,50c9509d-22c7-4a22-a47d-8c48425ef4a7,https://www.inaturalist.org/observations/32054601,Animalia,Chordata,Mammalia,Carnivora,Mustelidae,Martes,Martes pennanti,,SPECIES,"Pekania pennanti (Erxleben, 1777)",Pekania pennanti,,US,,New York,,,28eb1a3f-1c15-4a95-931a-4af90ecb574d,42.303839,-73.850709,526,,,,,,2019-09-03T11:18:37Z,3,9,2019,8631083,5218855,HUMAN_OBSERVATION,iNaturalist,Observations,32054601,,,2019-09-03T15:27:54Z,CC_BY_NC_4_0,Charlie Ashwood,Charlie Ashwood,,,2019-11-29T15:09:21.946Z,StillImage,COORDINATE_ROUNDED;GEODETIC_DATUM_ASSUMED_WGS84,2,26455,26455,2186,16195,4392,10829,26455,26455,2186,16195,10829,4392
13,2397637977,50c9509d-22c7-4a22-a47d-8c48425ef4a7,https://www.inaturalist.org/observations/31815218,Animalia,Chordata,Mammalia,Carnivora,Mustelidae,Martes,Martes pennanti,,SPECIES,"Pekania pennanti (Erxleben, 1777)",Pekania pennanti,,US,,Vermont,,,28eb1a3f-1c15-4a95-931a-4af90ecb574d,43.015133,-72.80428,40827,,,,,,2018-08-05T00:00:00Z,5,8,2018,8631083,5218855,HUMAN_OBSERVATION,iNaturalist,Observations,31815218,,,2019-08-30T22:05:22Z,CC_BY_NC_4_0,engleton,engleton,,,2019-11-29T15:10:48.119Z,StillImage,COORDINATE_ROUNDED;GEODETIC_DATUM_ASSUMED_WGS84,1,138588,138054,26591,79483,63953,117496,138588,138054,26591,79483,117496,63953
14,2397544185,50c9509d-22c7-4a22-a47d-8c48425ef4a7,https://www.inaturalist.org/observations/31443935,Animalia,Chordata,Mammalia,Carnivora,Mustelidae,Martes,Martes pennanti,,SPECIES,"Pekania pennanti (Erxleben, 1777)",Pekania pennanti,,US,,Vermont,,,28eb1a3f-1c15-4a95-931a-4af90ecb574d,43.015133,-72.80428,40827,,,,,,2019-08-24T15:54:00Z,24,8,2019,8631083,5218855,HUMAN_OBSERVATION,iNaturalist,Observations,31443935,,,2019-08-25T00:31:49Z,CC_BY_NC_4_0,engleton,engleton,,,2019-11-29T15:09:31.985Z,StillImage,COORDINATE_ROUNDED;GEODETIC_DATUM_ASSUMED_WGS84,1,138588,138054,26591,79483,63953,117496,138588,138054,26591,79483,117496,63953
15,2366132175,50c9509d-22c7-4a22-a47d-8c48425ef4a7,https://www.inaturalist.org/observations/31227602,Animalia,Chordata,Mammalia,Carnivora,Mustelidae,Martes,Martes pennanti,,SPECIES,"Pekania pennanti (Erxleben, 1777)",Pekania pennanti,,US,,Vermont,,,28eb1a3f-1c15-4a95-931a-4af90ecb574d,44.361262,-72.814932,357,,,,,,2019-01-13T23:38:17Z,13,1,2019,8631083,5218855,HUMAN_OBSERVATION,iNaturalist,Observations,31227602,,,2019-08-21T14:26:00Z,CC_BY_NC_4_0,c_burns802,c_burns802,,,2019-11-29T15:09:23.595Z,StillImage,COORDINATE_ROUNDED;GEODETIC_DATUM_ASSUMED_WGS84,6,257995,257995,23838,104691,238980,343958,,,23838,104691,,
16,2350330503,50c9509d-22c7-4a22-a47d-8c48425ef4a7,https://www.inaturalist.org/observations/30432619,Animalia,Chordata,Mammalia,Carnivora,Mustelidae,Martes,Martes pennanti,,SPECIES,"Pekania pennanti (Erxleben, 1777)",Pekania pennanti,,US,,New York,,,28eb1a3f-1c15-4a95-931a-4af90ecb574d,44.498969,-74.940877,27317,,,,,,2010-05-02T00:00:00Z,2,5,2010,8631083,5218855,HUMAN_OBSERVATION,iNaturalist,Observations,30432619,,,2019-08-21T14:25:48Z,CC_BY_NC_4_0,Judy Andrus Toporcer,Judy Andrus Toporcer,,,2019-11-29T15:09:23.105Z,StillImage,COORDINATE_ROUNDED;GEODETIC_DATUM_ASSUMED_WGS84,1,182484,92339,3303,11781,172555,306913,182484,92339,3303,11781,,172555
17,2311349635,50c9509d-22c7-4a22-a47d-8c48425ef4a7,https://www.inaturalist.org/observations/29700275,Animalia,Chordata,Mammalia,Carnivora,Mustelidae,Martes,Martes pennanti,,SPECIES,"Pekania pennanti (Erxleben, 1777)",Pekania pennanti,,US,,New York,,,28eb1a3f-1c15-4a95-931a-4af90ecb574d,44.050858,-74.548095,12,,,,,,2019-07-20T10:36:13Z,20,7,2019,8631083,5218855,HUMAN_OBSERVATION,iNaturalist,Observations,29700275,,,2019-08-21T14:25:22Z,CC_BY_NC_4_0,widnessj,widnessj,,,2019-11-29T15:09:20.362Z,StillImage,COORDINATE_ROUNDED;GEODETIC_DATUM_ASSUMED_WGS84,6,117263,78076,1031,1612,79670,194175,117263,78076,1031,1612,194175,79670
18,2283198495,50c9509d-22c7-4a22-a47d-8c48425ef4a7,https://www.inaturalist.org/observations/28335029,Animalia,Chordata,Mammalia,Carnivora,Mustelidae,Martes,Martes pennanti,,SPECIES,"Pekania pennanti (Erxleben, 1777)",Pekania pennanti,,US,,Vermont,,,28eb1a3f-1c15-4a95-931a-4af90ecb574d,43.793633,-72.617587,7609,,,,,,2019-06-28T00:00:00Z,28,6,2019,8631083,5218855,HUMAN_OBSERVATION,iNaturalist,Observations,28335029,,,2019-08-21T14:24:44Z,CC_BY_NC_4_0,Sarah Carline,Sarah Carline,,,2019-11-29T15:09:17.891Z,StillImage,COORDINATE_ROUNDED;GEODETIC_DATUM_ASSUMED_WGS84,5,212632,212632,36667,98328,157528,248002,,,36667,98328,,157528
19,2283196500,50c9509d-22c7-4a22-a47d-8c48425ef4a7,https://www.inaturalist.org/observations/28335027,Animalia,Chordata,Mammalia,Carnivora,Mustelidae,Martes,Martes pennanti,,SPECIES,"Pekania pennanti (Erxleben, 1777)",Pekania pennanti,,US,,Vermont,,,28eb1a3f-1c15-4a95-931a-4af90ecb574d,43.793633,-72.617587,7609,,,,,,2019-06-22T00:00:00Z,22,6,2019,8631083,5218855,HUMAN_OBSERVATION,iNaturalist,Observations,28335027,,,2019-08-21T14:24:44Z,CC_BY_NC_4_0,Sarah Carline,Sarah Carline,,,2019-11-29T15:09:25.176Z,StillImage,COORDINATE_ROUNDED;GEODETIC_DATUM_ASSUMED_WGS84,5,212632,212632,36667,98328,157528,248002,,,36667,98328,,157528
20,2273300766,50c9509d-22c7-4a22-a47d-8c48425ef4a7,https://www.inaturalist.org/observations/27661208,Animalia,Chordata,Mammalia,Carnivora,Mustelidae,Martes,Martes pennanti,,SPECIES,"Pekania pennanti (Erxleben, 1777)",Pekania pennanti,,US,,New York,,,28eb1a3f-1c15-4a95-931a-4af90ecb574d,41.806121,-74.112389,344,,,,,,2019-06-25T17:45:26Z,25,6,2019,8631083,5218855,HUMAN_OBSERVATION,iNaturalist,Observations,27661208,,,2019-08-21T14:24:35Z,CC_BY_NC_4_0,psmac,psmac,,,2019-11-29T15:10:27.326Z,StillImage,COORDINATE_ROUNDED;GEODETIC_DATUM_ASSUMED_WGS84,1,82706,82018,5799,14263,33084,98291,82706,82018,5799,14263,98291,33084
21,2265869075,50c9509d-22c7-4a22-a47d-8c48425ef4a7,https://www.inaturalist.org/observations/26783172,Animalia,Chordata,Mammalia,Carnivora,Mustelidae,Martes,Martes pennanti,,SPECIES,"Pekania pennanti (Erxleben, 1777)",Pekania pennanti,,CA,,Ontario,,,28eb1a3f-1c15-4a95-931a-4af90ecb574d,44.649942,-75.709062,5,,,,,,2019-06-10T13:15:48Z,10,6,2019,8631083,5218855,HUMAN_OBSERVATION,iNaturalist,Observations,26783172,,,2019-08-21T14:24:19Z,CC_BY_NC_4_0,Don Sutherland,Don Sutherland,,,2019-11-29T15:10:05.706Z,StillImage,COORDINATE_ROUNDED;GEODETIC_DATUM_ASSUMED_WGS84,16,306601,170966,50005,110623,302167,408233,,170966,50005,110623,,
22,2265864726,50c9509d-22c7-4a22-a47d-8c48425ef4a7,https://www.inaturalist.org/observations/26769582,Animalia,Chordata,Mammalia,Carnivora,Mustelidae,Martes,Martes pennanti,,SPECIES,"Pekania pennanti (Erxleben, 1777)",Pekania pennanti,,CA,,Ontario,,,28eb1a3f-1c15-4a95-931a-4af90ecb574d,44.649863,-75.709142,2,,,,,,2019-06-10T13:16:17Z,10,6,2019,8631083,5218855,HUMAN_OBSERVATION,iNaturalist,Observations,26769582,,,2019-08-21T14:24:17Z,CC_BY_NC_4_0,Mike V.A. Burrell,Mike V.A. Burrell,,,2019-11-29T15:09:15.865Z,StillImage,COORDINATE_ROUNDED;GEODETIC_DATUM_ASSUMED_WGS84,16,306601,170966,50005,110623,302167,408233,,170966,50005,110623,,
23,2252048667,50c9509d-22c7-4a22-a47d-8c48425ef4a7,https://www.inaturalist.org/observations/26381582,Animalia,Chordata,Mammalia,Carnivora,Mustelidae,Martes,Martes pennanti,,SPECIES,"Pekania pennanti (Erxleben, 1777)",Pekania pennanti,,US,,Vermont,,,28eb1a3f-1c15-4a95-931a-4af90ecb574d,43.925198,-72.903225,27411,,,,,,2019-05-22T06:00:00Z,22,5,2019,8631083,5218855,HUMAN_OBSERVATION,iNaturalist,Observations,26381582,,,2019-08-21T14:24:14Z,CC_BY_NC_4_0,wtobin,wtobin,,,2019-11-29T15:10:18.164Z,StillImage,COORDINATE_ROUNDED;GEODETIC_DATUM_ASSUMED_WGS84,1,196758,196758,15930,75246,145027,239988,196758,196758,15930,75246,,145027
24,2252028652,50c9509d-22c7-4a22-a47d-8c48425ef4a7,https://www.inaturalist.org/observations/26299330,Animalia,Chordata,Mammalia,Carnivora,Mustelidae,Martes,Martes pennanti,,SPECIES,"Pekania pennanti (Erxleben, 1777)",Pekania pennanti,,US,,New York,,,28eb1a3f-1c15-4a95-931a-4af90ecb574d,44.094212,-73.834348,61,,,,,,2015-08-08T00:00:00Z,8,8,2015,8631083,5218855,HUMAN_OBSERVATION,iNaturalist,Observations,26299330,,,2019-08-21T14:24:10Z,CC_BY_NC_4_0,archtick,archtick,,,2019-11-29T15:09:13.828Z,StillImage,COORDINATE_ROUNDED;GEODETIC_DATUM_ASSUMED_WGS84,1,120070,120070,1109,6246,79279,207344,120070,120070,1109,6246,,79279
25,2242962297,50c9509d-22c7-4a22-a47d-8c48425ef4a7,https://www.inaturalist.org/observations/25019244,Animalia,Chordata,Mammalia,Carnivora,Mustelidae,Martes,Martes pennanti,,SPECIES,"Pekania pennanti (Erxleben, 1777)",Pekania pennanti,,US,,Vermont,,,28eb1a3f-1c15-4a95-931a-4af90ecb574d,44.529141,-73.267991,15,,,,,,2019-05-12T15:18:00Z,12,5,2019,8631083,5218855,HUMAN_OBSERVATION,iNaturalist,Observations,25019244,,,2019-08-21T14:23:49Z,CC_BY_NC_4_0,Kyle Tansley,Kyle Tansley,,,2019-11-29T15:09:11.547Z,StillImage,COORDINATE_ROUNDED;GEODETIC_DATUM_ASSUMED_WGS84,2,246799,246799,14235,76662,245457,378202,,,14235,76662,,
26,2242876353,50c9509d-22c7-4a22-a47d-8c48425ef4a7,https://www.inaturalist.org/observations/24686830,Animalia,Chordata,Mammalia,Carnivora,Mustelidae,Martes,Martes pennanti,,SPECIES,"Pekania pennanti (Erxleben, 1777)",Pekania pennanti,,US,,Vermont,,,28eb1a3f-1c15-4a95-931a-4af90ecb574d,43.880866,-72.995363,27411,,,,,,2019-05-01T07:19:00Z,1,5,2019,8631083,5218855,HUMAN_OBSERVATION,iNaturalist,Observations,24686830,,,2019-08-21T14:23:33Z,CC_BY_NC_4_0,wtobin,wtobin,,,2019-11-29T15:10:14.694Z,StillImage,COORDINATE_ROUNDED;GEODETIC_DATUM_ASSUMED_WGS84,1,179234,179234,15334,71455,131342,225882,179234,179234,15334,71455,,131342
27,2239058114,50c9509d-22c7-4a22-a47d-8c48425ef4a7,https://www.inaturalist.org/observations/9857167,Animalia,Chordata,Mammalia,Carnivora,Mustelidae,Martes,Martes pennanti,,SPECIES,"Pekania pennanti (Erxleben, 1777)",Pekania pennanti,,US,,Vermont,,,28eb1a3f-1c15-4a95-931a-4af90ecb574d,44.506922,-73.228814,9,,,,,,2018-02-14T07:35:55Z,14,2,2018,8631083,5218855,HUMAN_OBSERVATION,iNaturalist,Observations,9857167,,,2019-08-21T13:46:38Z,CC_BY_NC_4_0,Sophie Mazowita,Sophie Mazowita,,,2019-11-29T15:09:02.623Z,,COORDINATE_ROUNDED;GEODETIC_DATUM_ASSUMED_WGS84,1,246310,246310,15055,77482,237048,369794,,,15055,77482,,
28,2239056350,50c9509d-22c7-4a22-a47d-8c48425ef4a7,https://www.inaturalist.org/observations/5574590,Animalia,Chordata,Mammalia,Carnivora,Mustelidae,Martes,Martes pennanti,,SPECIES,"Pekania pennanti (Erxleben, 1777)",Pekania pennanti,,US,,Vermont,,,28eb1a3f-1c15-4a95-931a-4af90ecb574d,44.444498,-73.217603,9,,,,,,2017-03-27T17:02:44Z,27,3,2017,8631083,5218855,HUMAN_OBSERVATION,iNaturalist,Observations,5574590,,,2019-08-21T13:43:32Z,CC_BY_NC_4_0,Sophie Mazowita,Sophie Mazowita,,,2019-11-29T15:08:54.996Z,,COORDINATE_ROUNDED;GEODETIC_DATUM_ASSUMED_WGS84,9,229199,229199,16610,80156,219938,352683,,,16610,80156,,
29,2239055580,50c9509d-22c7-4a22-a47d-8c48425ef4a7,http://www.inaturalist.org/observations/3092692,Animalia,Chordata,Mammalia,Carnivora,Mustelidae,Martes,Martes pennanti,,SPECIES,"Pekania pennanti (Erxleben, 1777)",Pekania pennanti,,US,,Vermont,,,28eb1a3f-1c15-4a95-931a-4af90ecb574d,44.445209,-73.231441,20,,,,,,2016-01-05T00:00:00Z,5,1,2016,8631083,5218855,HUMAN_OBSERVATION,iNaturalist,Observations,3092692,,,2019-08-21T13:40:31Z,CC_BY_NC_4_0,Sophie Mazowita,Sophie Mazowita,,,2019-11-29T15:09:51.440Z,,GEODETIC_DATUM_ASSUMED_WGS84,1,225892,225892,13301,75877,216631,349376,,,13301,75877,,
30,2239055564,50c9509d-22c7-4a22-a47d-8c48425ef4a7,http://www.inaturalist.org/observations/3092635,Animalia,Chordata,Mammalia,Carnivora,Mustelidae,Martes,Martes pennanti,,SPECIES,"Pekania pennanti (Erxleben, 1777)",Pekania pennanti,,US,,Vermont,,,28eb1a3f-1c15-4a95-931a-4af90ecb574d,44.445454,-73.229445,40,,,,,,2016-01-06T16:37:00Z,6,1,2016,8631083,5218855,HUMAN_OBSERVATION,iNaturalist,Observations,3092635,,,2019-08-21T13:40:30Z,CC_BY_NC_4_0,Sophie Mazowita,Sophie Mazowita,,,2019-11-29T15:09:33.631Z,,GEODETIC_DATUM_ASSUMED_WGS84,1,226146,226146,13195,75951,216885,349631,,,13195,75951,,
31,2239055451,50c9509d-22c7-4a22-a47d-8c48425ef4a7,http://www.inaturalist.org/observations/2790882,Animalia,Chordata,Mammalia,Carnivora,Mustelidae,Martes,Martes pennanti,,SPECIES,"Pekania pennanti (Erxleben, 1777)",Pekania pennanti,,US,,Vermont,,,28eb1a3f-1c15-4a95-931a-4af90ecb574d,44.446829,-73.231306,43,,,,,,2016-03-15T16:47:29Z,15,3,2016,8631083,5218855,HUMAN_OBSERVATION,iNaturalist,Observations,2790882,,,2019-08-21T13:40:14Z,CC_BY_NC_4_0,Sophie Mazowita,Sophie Mazowita,,,2019-11-29T15:08:48.358Z,,COORDINATE_ROUNDED;GEODETIC_DATUM_ASSUMED_WGS84,1,226078,226078,13195,75790,216817,349562,,,13195,75790,,
32,2239038778,50c9509d-22c7-4a22-a47d-8c48425ef4a7,https://www.inaturalist.org/observations/24336173,Animalia,Chordata,Mammalia,Carnivora,Mustelidae,Martes,Martes pennanti,,SPECIES,"Pekania pennanti (Erxleben, 1777)",Pekania pennanti,,US,,New York,,,28eb1a3f-1c15-4a95-931a-4af90ecb574d,42.527,-74.328515,132,,,,,,2018-12-16T17:30:17Z,16,12,2018,8631083,5218855,HUMAN_OBSERVATION,iNaturalist,Observations,24336173,,,2019-08-21T14:23:26Z,CC_BY_NC_4_0,pipinoja,pipinoja,,,2019-11-29T15:10:06.194Z,StillImage,COORDINATE_ROUNDED;GEODETIC_DATUM_ASSUMED_WGS84,6,6615,6079,2358,5265,1824,6410,6615,6079,2358,5265,6410,1824
33,2238785218,50c9509d-22c7-4a22-a47d-8c48425ef4a7,https://www.inaturalist.org/observations/21560501,Animalia,Chordata,Mammalia,Carnivora,Mustelidae,Martes,Martes pennanti,,SPECIES,"Pekania pennanti (Erxleben, 1777)",Pekania pennanti,,US,,Vermont,,,28eb1a3f-1c15-4a95-931a-4af90ecb574d,44.431327,-73.185155,7,,,,,,2019-03-24T13:25:15Z,24,3,2019,8631083,5218855,HUMAN_OBSERVATION,iNaturalist,Observations,21560501,,,2019-08-21T14:11:04Z,CC_BY_NC_4_0,Sophie Mazowita,Sophie Mazowita,,,2019-11-29T15:09:59.099Z,,COORDINATE_ROUNDED;GEODETIC_DATUM_ASSUMED_WGS84,8,235311,235311,23584,93817,225156,358695,,,23584,93817,,
34,2238785188,50c9509d-22c7-4a22-a47d-8c48425ef4a7,https://www.inaturalist.org/observations/21557585,Animalia,Chordata,Mammalia,Carnivora,Mustelidae,Martes,Martes pennanti,,SPECIES,"Pekania pennanti (Erxleben, 1777)",Pekania pennanti,,US,,Vermont,,,28eb1a3f-1c15-4a95-931a-4af90ecb574d,44.41648,-73.174208,3,,,,,,2019-03-24T12:07:14Z,24,3,2019,8631083,5218855,HUMAN_OBSERVATION,iNaturalist,Observations,21557585,,,2019-08-21T14:11:02Z,CC_BY_NC_4_0,Sophie Mazowita,Sophie Mazowita,,,2019-11-29T15:10:32.771Z,,COORDINATE_ROUNDED;GEODETIC_DATUM_ASSUMED_WGS84,4,236949,236949,22670,97369,226662,358917,,,22670,97369,,
35,2237520384,50c9509d-22c7-4a22-a47d-8c48425ef4a7,https://www.inaturalist.org/observations/23023462,Animalia,Chordata,Mammalia,Carnivora,Mustelidae,Martes,Martes pennanti,,SPECIES,"Pekania pennanti (Erxleben, 1777)",Pekania pennanti,,US,,Vermont,,,28eb1a3f-1c15-4a95-931a-4af90ecb574d,44.688152,-72.193832,,,,,,,2019-04-22T08:57:36Z,22,4,2019,8631083,5218855,HUMAN_OBSERVATION,iNaturalist,Observations,23023462,,,2019-08-21T14:22:53Z,CC_BY_NC_4_0,smayne11,smayne11,,,2019-11-29T15:09:13.680Z,StillImage,COORDINATE_ROUNDED;GEODETIC_DATUM_ASSUMED_WGS84,1,389752,389752,109202,206903,372038,466999,,,109202,,,
36,2236869279,50c9509d-22c7-4a22-a47d-8c48425ef4a7,https://www.inaturalist.org/observations/22462225,Animalia,Chordata,Mammalia,Carnivora,Mustelidae,Martes,Martes pennanti,,SPECIES,"Pekania pennanti (Erxleben, 1777)",Pekania pennanti,,US,,New York,,,28eb1a3f-1c15-4a95-931a-4af90ecb574d,42.626036,-73.791406,,,,,,,2019-04-12T16:16:00Z,12,4,2019,8631083,5218855,HUMAN_OBSERVATION,iNaturalist,Observations,22462225,,,2019-08-21T14:12:22Z,CC_BY_NC_4_0,Daniel,Daniel,,,2019-11-29T15:10:36.438Z,StillImage,COORDINATE_ROUNDED;GEODETIC_DATUM_ASSUMED_WGS84,1,42370,42370,13474,35386,14992,23959,42370,42370,13474,35386,23959,14992
37,2236203822,50c9509d-22c7-4a22-a47d-8c48425ef4a7,https://www.inaturalist.org/observations/20867448,Animalia,Chordata,Mammalia,Carnivora,Mustelidae,Martes,Martes pennanti,,SPECIES,"Pekania pennanti (Erxleben, 1777)",Pekania pennanti,,US,,Vermont,,,28eb1a3f-1c15-4a95-931a-4af90ecb574d,42.8258,-72.7626,5,,,,,,2019-02-14T00:00:00Z,14,2,2019,8631083,5218855,HUMAN_OBSERVATION,iNaturalist,Observations,20867448,,,2019-08-21T14:09:55Z,CC_BY_NC_4_0,faoladh,faoladh,,,2019-11-29T15:09:15.910Z,StillImage,GEODETIC_DATUM_ASSUMED_WGS84,8,151495,150961,38046,92777,75002,125295,151495,150961,38046,92777,125295,75002
38,2236203813,50c9509d-22c7-4a22-a47d-8c48425ef4a7,https://www.inaturalist.org/observations/20868044,Animalia,Chordata,Mammalia,Carnivora,Mustelidae,Martes,Martes pennanti,,SPECIES,"Pekania pennanti (Erxleben, 1777)",Pekania pennanti,,US,,Vermont,,,28eb1a3f-1c15-4a95-931a-4af90ecb574d,42.8609,-72.7275,6,,,,,,2019-02-19T00:00:00Z,19,2,2019,8631083,5218855,HUMAN_OBSERVATION,iNaturalist,Observations,20868044,,,2019-08-21T14:10:02Z,CC_BY_NC_4_0,faoladh,faoladh,,,2019-11-29T15:09:18.545Z,StillImage,GEODETIC_DATUM_ASSUMED_WGS84,7,155747,155213,41189,97152,79620,131312,155747,155213,41189,97152,131312,79620
39,2236203811,50c9509d-22c7-4a22-a47d-8c48425ef4a7,https://www.inaturalist.org/observations/20867495,Animalia,Chordata,Mammalia,Carnivora,Mustelidae,Martes,Martes pennanti,,SPECIES,"Pekania pennanti (Erxleben, 1777)",Pekania pennanti,,US,,Vermont,,,28eb1a3f-1c15-4a95-931a-4af90ecb574d,42.8258,-72.7626,5,,,,,,2019-02-14T00:00:00Z,14,2,2019,8631083,5218855,HUMAN_OBSERVATION,iNaturalist,Observations,20867495,,,2019-08-21T14:09:55Z,CC_BY_NC_4_0,faoladh,faoladh,,,2019-11-29T15:09:07.719Z,StillImage,GEODETIC_DATUM_ASSUMED_WGS84,8,151495,150961,38046,92777,75002,125295,151495,150961,38046,92777,125295,75002
40,2235473294,50c9509d-22c7-4a22-a47d-8c48425ef4a7,https://www.inaturalist.org/observations/20931314,Animalia,Chordata,Mammalia,Carnivora,Mustelidae,Martes,Martes pennanti,,SPECIES,"Pekania pennanti (Erxleben, 1777)",Pekania pennanti,,US,,Vermont,,,28eb1a3f-1c15-4a95-931a-4af90ecb574d,44.361887,-72.872795,10,,,,,,2019-03-03T10:56:10Z,3,3,2019,8631083,5218855,HUMAN_OBSERVATION,iNaturalist,Observations,20931314,,,,CC_BY_NC_4_0,mazalope,mazalope,,,2019-11-29T15:09:08.091Z,StillImage,COORDINATE_ROUNDED;GEODETIC_DATUM_ASSUMED_WGS84,1,249098,249098,17409,98262,230147,337719,,,17409,98262,,
41,2028473842,50c9509d-22c7-4a22-a47d-8c48425ef4a7,https://www.inaturalist.org/observations/21326706,Animalia,Chordata,Mammalia,Carnivora,Mustelidae,Martes,Martes pennanti,,SPECIES,"Pekania pennanti (Erxleben, 1777)",Pekania pennanti,,US,,Vermont,,,28eb1a3f-1c15-4a95-931a-4af90ecb574d,44.645638,-72.666145,5,,,,,,2019-03-17T14:34:00Z,17,3,2019,8631083,5218855,HUMAN_OBSERVATION,iNaturalist,Observations,21326706,,,2019-08-21T14:10:45Z,CC_BY_NC_4_0,Noel Dodge,Noel Dodge,,,2019-11-29T15:10:20.784Z,StillImage,COORDINATE_ROUNDED;GEODETIC_DATUM_ASSUMED_WGS84,1,327051,327051,49839,147466,309096,420228,,,49839,147466,,
42,2028441832,50c9509d-22c7-4a22-a47d-8c48425ef4a7,https://www.inaturalist.org/observations/20406124,Animalia,Chordata,Mammalia,Carnivora,Mustelidae,Martes,Martes pennanti,,SPECIES,"Pekania pennanti (Erxleben, 1777)",Pekania pennanti,,US,,Vermont,,,28eb1a3f-1c15-4a95-931a-4af90ecb574d,44.441301,-73.169207,8,,,,,,2019-02-16T16:20:28Z,16,2,2019,8631083,5218855,HUMAN_OBSERVATION,iNaturalist,Observations,20406124,,,2019-08-21T14:08:49Z,CC_BY_NC_4_0,Sophie Mazowita,Sophie Mazowita,,,2019-11-29T15:09:06.984Z,,COORDINATE_ROUNDED;GEODETIC_DATUM_ASSUMED_WGS84,1,252541,252541,30098,104828,241941,372889,,,30098,104828,,
43,2006038900,50c9509d-22c7-4a22-a47d-8c48425ef4a7,https://www.inaturalist.org/observations/20433036,Animalia,Chordata,Mammalia,Carnivora,Mustelidae,Martes,Martes pennanti,,SPECIES,"Pekania pennanti (Erxleben, 1777)",Pekania pennanti,,US,,Vermont,,,28eb1a3f-1c15-4a95-931a-4af90ecb574d,44.440322,-73.22001,9,,,,,,2019-02-17T17:09:04Z,17,2,2019,8631083,5218855,HUMAN_OBSERVATION,iNaturalist,Observations,20433036,,,2019-08-21T14:08:54Z,CC_BY_NC_4_0,Sophie Mazowita,Sophie Mazowita,,,2019-11-29T15:09:06.751Z,,COORDINATE_ROUNDED;GEODETIC_DATUM_ASSUMED_WGS84,1,226126,226126,13537,77084,216865,349610,,,13537,77084,,
44,2006037072,50c9509d-22c7-4a22-a47d-8c48425ef4a7,https://www.inaturalist.org/observations/20230570,Animalia,Chordata,Mammalia,Carnivora,Mustelidae,Martes,Martes pennanti,,SPECIES,"Pekania pennanti (Erxleben, 1777)",Pekania pennanti,,US,,Vermont,,,28eb1a3f-1c15-4a95-931a-4af90ecb574d,44.340808,-72.461283,,,,,,,2018-03-24T03:16:00Z,24,3,2018,8631083,5218855,HUMAN_OBSERVATION,iNaturalist,Observations,20230570,,,2019-08-21T14:08:42Z,CC_BY_NC_4_0,Erika Mitchell,Erika Mitchell,,,2019-11-29T15:09:07.185Z,StillImage,COORDINATE_ROUNDED;GEODETIC_DATUM_ASSUMED_WGS84,1,303834,303834,65166,148428,280174,375134,,,65166,148428,,
45,2005406275,50c9509d-22c7-4a22-a47d-8c48425ef4a7,http://www.inaturalist.org/observations/838766,Animalia,Chordata,Mammalia,Carnivora,Mustelidae,Martes,Martes pennanti,,SPECIES,"Pekania pennanti (Erxleben, 1777)",Pekania pennanti,,US,,Vermont,,,28eb1a3f-1c15-4a95-931a-4af90ecb574d,43.636312,-72.548042,,,,,,,2014-08-19T00:00:00Z,19,8,2014,8631083,5218855,HUMAN_OBSERVATION,iNaturalist,Observations,838766,,,2019-08-21T13:38:42Z,CC_BY_NC_4_0,Kyle Jones,Kyle Jones,,,2019-11-29T15:08:39.066Z,,GEODETIC_DATUM_ASSUMED_WGS84,1,204809,204809,41568,102395,143620,226893,,,41568,102395,,143620
46,2005368091,50c9509d-22c7-4a22-a47d-8c48425ef4a7,https://www.inaturalist.org/observations/20438649,Animalia,Chordata,Mammalia,Carnivora,Mustelidae,Martes,Martes pennanti,,SPECIES,"Pekania pennanti (Erxleben, 1777)",Pekania pennanti,,US,,Vermont,,,28eb1a3f-1c15-4a95-931a-4af90ecb574d,43.728679,-72.618988,5924,,,,,,2019-02-16T18:43:00Z,16,2,2019,8631083,5218855,HUMAN_OBSERVATION,iNaturalist,Observations,20438649,,,2019-08-21T14:09:01Z,CC_BY_NC_4_0,Sarah Carline,Sarah Carline,,,2019-11-29T15:09:10.454Z,StillImage,COORDINATE_ROUNDED;GEODETIC_DATUM_ASSUMED_WGS84,9,202758,202758,35677,96916,147514,233449,,,35677,96916,,147514
47,2005361091,50c9509d-22c7-4a22-a47d-8c48425ef4a7,https://www.inaturalist.org/observations/20417333,Animalia,Chordata,Mammalia,Carnivora,Mustelidae,Martes,Martes pennanti,,SPECIES,"Pekania pennanti (Erxleben, 1777)",Pekania pennanti,,US,,Vermont,,,28eb1a3f-1c15-4a95-931a-4af90ecb574d,43.933341,-72.997108,27411,,,,,,2019-02-09T05:40:00Z,9,2,2019,8631083,5218855,HUMAN_OBSERVATION,iNaturalist,Observations,20417333,,,2019-08-21T14:08:52Z,CC_BY_NC_4_0,wtobin,wtobin,,,2019-11-29T15:09:07.651Z,StillImage,COORDINATE_ROUNDED;GEODETIC_DATUM_ASSUMED_WGS84,1,188172,188172,15283,71306,141939,236478,188172,188172,15283,71306,,141939
48,2005289142,50c9509d-22c7-4a22-a47d-8c48425ef4a7,https://www.inaturalist.org/observations/20210974,Animalia,Chordata,Mammalia,Carnivora,Mustelidae,Martes,Martes pennanti,,SPECIES,"Pekania pennanti (Erxleben, 1777)",Pekania pennanti,,US,,Vermont,,,28eb1a3f-1c15-4a95-931a-4af90ecb574d,44.340808,-72.461283,,,,,,,2017-10-23T17:25:00Z,23,10,2017,8631083,5218855,HUMAN_OBSERVATION,iNaturalist,Observations,20210974,,,2019-08-21T14:08:31Z,CC_BY_NC_4_0,Erika Mitchell,Erika Mitchell,,,2019-11-29T15:09:13.386Z,StillImage,COORDINATE_ROUNDED;GEODETIC_DATUM_ASSUMED_WGS84,1,303834,303834,65166,148428,280174,375134,,,65166,148428,,
49,1993764151,50c9509d-22c7-4a22-a47d-8c48425ef4a7,https://www.inaturalist.org/observations/20164900,Animalia,Chordata,Mammalia,Carnivora,Mustelidae,Martes,Martes pennanti,,SPECIES,"Pekania pennanti (Erxleben, 1777)",Pekania pennanti,,US,,Vermont,,,28eb1a3f-1c15-4a95-931a-4af90ecb574d,44.529778,-73.268723,10,,,,,,2019-02-03T13:25:31Z,3,2,2019,8631083,5218855,HUMAN_OBSERVATION,iNaturalist,Observations,20164900,,,2019-08-21T14:08:26Z,CC_BY_NC_4_0,Liza Morse,Liza Morse,,,2019-11-29T15:09:11.678Z,StillImage,COORDINATE_ROUNDED;GEODETIC_DATUM_ASSUMED_WGS84,1,246417,246417,13854,76280,245075,377820,,,13854,76280,,
50,1993749849,50c9509d-22c7-4a22-a47d-8c48425ef4a7,https://www.inaturalist.org/observations/20089715,Animalia,Chordata,Mammalia,Carnivora,Mustelidae,Martes,Martes pennanti,,SPECIES,"Pekania pennanti (Erxleben, 1777)",Pekania pennanti,,CA,,Ontario,,,28eb1a3f-1c15-4a95-931a-4af90ecb574d,44.946438,-75.722153,2,,,,,,2019-02-04T06:38:00Z,4,2,2019,8631083,5218855,HUMAN_OBSERVATION,iNaturalist,Observations,20089715,,,2019-08-21T14:08:08Z,CC_BY_NC_4_0,Matt Keevil,Matt Keevil,,,2019-11-29T15:10:16.662Z,StillImage,COORDINATE_ROUNDED;GEODETIC_DATUM_ASSUMED_WGS84,1,357657,223993,81785,142738,351927,469942,,,81785,142738,,
51,1993738118,50c9509d-22c7-4a22-a47d-8c48425ef4a7,https://www.inaturalist.org/observations/20055277,Animalia,Chordata,Mammalia,Carnivora,Mustelidae,Martes,Martes pennanti,,SPECIES,"Pekania pennanti (Erxleben, 1777)",Pekania pennanti,,US,,Vermont,,,28eb1a3f-1c15-4a95-931a-4af90ecb574d,44.519102,-73.239801,9,,,,,,2019-02-03T10:20:55Z,3,2,2019,8631083,5218855,HUMAN_OBSERVATION,iNaturalist,Observations,20055277,,,2019-08-21T14:07:58Z,CC_BY_NC_4_0,Sophie Mazowita,Sophie Mazowita,,,2019-11-29T15:09:14.838Z,,COORDINATE_ROUNDED;GEODETIC_DATUM_ASSUMED_WGS84,1,247619,247619,15055,77482,240599,373345,,,15055,77482,,
52,1993717165,50c9509d-22c7-4a22-a47d-8c48425ef4a7,https://www.inaturalist.org/observations/19904504,Animalia,Chordata,Mammalia,Carnivora,Mustelidae,Martes,Martes pennanti,,SPECIES,"Pekania pennanti (Erxleben, 1777)",Pekania pennanti,,US,,Vermont,,,28eb1a3f-1c15-4a95-931a-4af90ecb574d,44.44428,-73.21907,9,,,,,,2019-01-27T08:18:58Z,27,1,2019,8631083,5218855,HUMAN_OBSERVATION,iNaturalist,Observations,19904504,,,2019-08-21T14:07:36Z,CC_BY_NC_4_0,Sophie Mazowita,Sophie Mazowita,,,2019-11-29T15:10:05.851Z,,COORDINATE_ROUNDED;GEODETIC_DATUM_ASSUMED_WGS84,8,229171,229171,16581,80128,219909,352655,,,16581,80128,,
53,1993702667,50c9509d-22c7-4a22-a47d-8c48425ef4a7,https://www.inaturalist.org/observations/12341596,Animalia,Chordata,Mammalia,Carnivora,Mustelidae,Martes,Martes pennanti,,SPECIES,"Pekania pennanti (Erxleben, 1777)",Pekania pennanti,,US,,Vermont,,,28eb1a3f-1c15-4a95-931a-4af90ecb574d,44.44066,-73.170376,184,,,,,,2018-04-28T04:41:00Z,28,4,2018,8631083,5218855,HUMAN_OBSERVATION,iNaturalist,Observations,12341596,,,2019-08-21T13:49:22Z,CC_BY_NC_4_0,Nathaniel Sharp,Nathaniel Sharp,,,2019-11-29T15:09:08.375Z,StillImage,COORDINATE_ROUNDED;GEODETIC_DATUM_ASSUMED_WGS84,1,252286,252286,30098,104828,241941,373108,,,30098,104828,,
54,1990484425,50c9509d-22c7-4a22-a47d-8c48425ef4a7,https://www.inaturalist.org/observations/19601374,Animalia,Chordata,Mammalia,Carnivora,Mustelidae,Martes,Martes pennanti,,SPECIES,"Pekania pennanti (Erxleben, 1777)",Pekania pennanti,,US,,Vermont,,,28eb1a3f-1c15-4a95-931a-4af90ecb574d,43.946661,-72.924477,27411,,,,,,2018-12-31T19:56:00Z,31,12,2018,8631083,5218855,HUMAN_OBSERVATION,iNaturalist,Observations,19601374,,,2019-08-21T14:05:31Z,CC_BY_NC_4_0,wtobin,wtobin,,,2019-11-29T15:10:19.574Z,StillImage,COORDINATE_ROUNDED;GEODETIC_DATUM_ASSUMED_WGS84,1,198180,198180,15353,74554,148973,243933,198180,198180,15353,74554,,148973
55,1986576680,50c9509d-22c7-4a22-a47d-8c48425ef4a7,https://www.inaturalist.org/observations/19404030,Animalia,Chordata,Mammalia,Carnivora,Mustelidae,Martes,Martes pennanti,,SPECIES,"Pekania pennanti (Erxleben, 1777)",Pekania pennanti,,US,,Vermont,,,28eb1a3f-1c15-4a95-931a-4af90ecb574d,43.913681,-72.853939,27411,,,,,,2018-12-25T14:05:00Z,25,12,2018,8631083,5218855,HUMAN_OBSERVATION,iNaturalist,Observations,19404030,,,2019-08-21T14:05:03Z,CC_BY_NC_4_0,wtobin,wtobin,,,2019-11-29T15:09:13.397Z,StillImage,COORDINATE_ROUNDED;GEODETIC_DATUM_ASSUMED_WGS84,1,197695,197695,17614,77082,144651,239611,197695,197695,17614,77082,,144651
56,1986574636,50c9509d-22c7-4a22-a47d-8c48425ef4a7,https://www.inaturalist.org/observations/19404032,Animalia,Chordata,Mammalia,Carnivora,Mustelidae,Martes,Martes pennanti,,SPECIES,"Pekania pennanti (Erxleben, 1777)",Pekania pennanti,,US,,Vermont,,,28eb1a3f-1c15-4a95-931a-4af90ecb574d,43.819126,-72.99338,27411,,,,,,2018-12-26T00:21:00Z,26,12,2018,8631083,5218855,HUMAN_OBSERVATION,iNaturalist,Observations,19404032,,,2019-08-21T14:05:05Z,CC_BY_NC_4_0,wtobin,wtobin,,,2019-11-29T15:09:15.240Z,StillImage,COORDINATE_ROUNDED;GEODETIC_DATUM_ASSUMED_WGS84,1,168792,168792,15769,71858,117752,212292,168792,168792,15769,71858,,117752
57,1935600118,50c9509d-22c7-4a22-a47d-8c48425ef4a7,https://www.inaturalist.org/observations/18096893,Animalia,Chordata,Mammalia,Carnivora,Mustelidae,Martes,Martes pennanti,,SPECIES,"Pekania pennanti (Erxleben, 1777)",Pekania pennanti,,US,,Vermont,,,28eb1a3f-1c15-4a95-931a-4af90ecb574d,44.52013,-72.823953,5,,,,,,2018-11-04T10:31:03Z,4,11,2018,8631083,5218855,HUMAN_OBSERVATION,iNaturalist,Observations,18096893,,,2019-08-21T14:03:38Z,CC_BY_NC_4_0,mazalope,mazalope,,,2019-11-29T15:09:09.286Z,StillImage,COORDINATE_ROUNDED;GEODETIC_DATUM_ASSUMED_WGS84,1,283997,283997,26111,109749,266042,377173,,,26111,109749,,
58,1914226973,50c9509d-22c7-4a22-a47d-8c48425ef4a7,https://www.inaturalist.org/observations/16877818,Animalia,Chordata,Mammalia,Carnivora,Mustelidae,Martes,Martes pennanti,,SPECIES,"Pekania pennanti (Erxleben, 1777)",Pekania pennanti,,US,,Vermont,,,28eb1a3f-1c15-4a95-931a-4af90ecb574d,42.984839,-72.522396,22,,,,,,2018-09-23T12:05:23Z,23,9,2018,8631083,5218855,HUMAN_OBSERVATION,iNaturalist,Observations,16877818,,,2019-08-21T14:02:39Z,CC_BY_NC_4_0,Rob Speiden,Rob Speiden,,,2019-11-29T15:09:07.633Z,StillImage,COORDINATE_ROUNDED;GEODETIC_DATUM_ASSUMED_WGS84,1,183006,182473,55615,117092,108621,166042,183006,182473,55615,117092,166042,108621
59,1913182803,50c9509d-22c7-4a22-a47d-8c48425ef4a7,https://www.inaturalist.org/observations/16408561,Animalia,Chordata,Mammalia,Carnivora,Mustelidae,Martes,Martes pennanti,,SPECIES,"Pekania pennanti (Erxleben, 1777)",Pekania pennanti,,US,,Vermont,,,28eb1a3f-1c15-4a95-931a-4af90ecb574d,43.986179,-72.955226,27411,,,,,,2016-09-08T07:00:00Z,8,9,2016,8631083,5218855,HUMAN_OBSERVATION,iNaturalist,Observations,16408561,,,2019-08-21T14:02:20Z,CC_BY_NC_4_0,wtobin,wtobin,,,2019-11-29T15:10:05.803Z,StillImage,COORDINATE_ROUNDED;GEODETIC_DATUM_ASSUMED_WGS84,1,201861,201861,15449,73606,156362,250968,,,15449,73606,,156362
60,1913182784,50c9509d-22c7-4a22-a47d-8c48425ef4a7,https://www.inaturalist.org/observations/16408374,Animalia,Chordata,Mammalia,Carnivora,Mustelidae,Martes,Martes pennanti,,SPECIES,"Pekania pennanti (Erxleben, 1777)",Pekania pennanti,,US,,Vermont,,,28eb1a3f-1c15-4a95-931a-4af90ecb574d,43.900118,-72.857729,27411,,,,,,2016-11-01T08:04:00Z,1,11,2016,8631083,5218855,HUMAN_OBSERVATION,iNaturalist,Observations,16408374,,,2019-08-21T14:02:16Z,CC_BY_NC_4_0,wtobin,wtobin,,,2019-11-29T15:09:02.919Z,StillImage,COORDINATE_ROUNDED;GEODETIC_DATUM_ASSUMED_WGS84,1,195404,195404,17087,76555,142360,237320,195404,195404,17087,76555,,142360
61,1913182730,50c9509d-22c7-4a22-a47d-8c48425ef4a7,https://www.inaturalist.org/observations/16408562,Animalia,Chordata,Mammalia,Carnivora,Mustelidae,Martes,Martes pennanti,,SPECIES,"Pekania pennanti (Erxleben, 1777)",Pekania pennanti,,US,,Vermont,,,28eb1a3f-1c15-4a95-931a-4af90ecb574d,43.998642,-72.953192,27411,,,,,,2016-08-29T15:01:00Z,29,8,2016,8631083,5218855,HUMAN_OBSERVATION,iNaturalist,Observations,16408562,,,2019-08-21T14:02:21Z,CC_BY_NC_4_0,wtobin,wtobin,,,2019-11-29T15:09:03.083Z,StillImage,COORDINATE_ROUNDED;GEODETIC_DATUM_ASSUMED_WGS84,1,204012,204012,15375,73606,158913,253593,,,15375,73606,,158913
62,1913182691,50c9509d-22c7-4a22-a47d-8c48425ef4a7,https://www.inaturalist.org/observations/16408759,Animalia,Chordata,Mammalia,Carnivora,Mustelidae,Martes,Martes pennanti,,SPECIES,"Pekania pennanti (Erxleben, 1777)",Pekania pennanti,,US,,Vermont,,,28eb1a3f-1c15-4a95-931a-4af90ecb574d,43.911104,-72.938114,27411,,,,,,2016-08-19T20:12:00Z,19,8,2016,8631083,5218855,HUMAN_OBSERVATION,iNaturalist,Observations,16408759,,,2019-08-21T14:02:23Z,CC_BY_NC_4_0,wtobin,wtobin,,,2019-11-29T15:10:13.205Z,StillImage,COORDINATE_ROUNDED;GEODETIC_DATUM_ASSUMED_WGS84,1,190434,190434,14555,73519,140247,235208,190434,190434,14555,73519,,140247
63,1913182649,50c9509d-22c7-4a22-a47d-8c48425ef4a7,https://www.inaturalist.org/observations/16408565,Animalia,Chordata,Mammalia,Carnivora,Mustelidae,Martes,Martes pennanti,,SPECIES,"Pekania pennanti (Erxleben, 1777)",Pekania pennanti,,US,,Vermont,,,28eb1a3f-1c15-4a95-931a-4af90ecb574d,43.829275,-72.837846,27411,,,,,,2016-08-29T10:19:00Z,29,8,2016,8631083,5218855,HUMAN_OBSERVATION,iNaturalist,Observations,16408565,,,2019-08-21T14:02:22Z,CC_BY_NC_4_0,wtobin,wtobin,,,2019-11-29T15:09:08.221Z,StillImage,COORDINATE_ROUNDED;GEODETIC_DATUM_ASSUMED_WGS84,1,186395,186395,18329,77710,132413,227374,186395,186395,18329,77710,,132413
64,1913182633,50c9509d-22c7-4a22-a47d-8c48425ef4a7,https://www.inaturalist.org/observations/16408421,Animalia,Chordata,Mammalia,Carnivora,Mustelidae,Martes,Martes pennanti,,SPECIES,"Pekania pennanti (Erxleben, 1777)",Pekania pennanti,,US,,Vermont,,,28eb1a3f-1c15-4a95-931a-4af90ecb574d,43.929286,-72.986277,27411,,,,,,2016-10-19T00:29:00Z,19,10,2016,8631083,5218855,HUMAN_OBSERVATION,iNaturalist,Observations,16408421,,,2019-08-21T14:02:17Z,CC_BY_NC_4_0,wtobin,wtobin,,,2019-11-29T15:09:08.460Z,StillImage,COORDINATE_ROUNDED;GEODETIC_DATUM_ASSUMED_WGS84,1,188950,188950,15409,71946,141890,236429,188950,188950,15409,71946,,141890
65,1913182305,50c9509d-22c7-4a22-a47d-8c48425ef4a7,https://www.inaturalist.org/observations/16406743,Animalia,Chordata,Mammalia,Carnivora,Mustelidae,Martes,Martes pennanti,,SPECIES,"Pekania pennanti (Erxleben, 1777)",Pekania pennanti,,US,,Vermont,,,28eb1a3f-1c15-4a95-931a-4af90ecb574d,43.806665,-72.850139,27411,,,,,,2017-09-08T06:38:00Z,8,9,2017,8631083,5218855,HUMAN_OBSERVATION,iNaturalist,Observations,16406743,,,2019-08-21T14:02:15Z,CC_BY_NC_4_0,wtobin,wtobin,,,2019-11-29T15:10:06.130Z,StillImage,COORDINATE_ROUNDED;GEODETIC_DATUM_ASSUMED_WGS84,1,181857,181705,17649,77030,127620,222581,181857,181705,17649,77030,,127620
66,1913175226,50c9509d-22c7-4a22-a47d-8c48425ef4a7,https://www.inaturalist.org/observations/16376328,Animalia,Chordata,Mammalia,Carnivora,Mustelidae,Martes,Martes pennanti,,SPECIES,"Pekania pennanti (Erxleben, 1777)",Pekania pennanti,,US,,Vermont,,,28eb1a3f-1c15-4a95-931a-4af90ecb574d,43.903581,-72.820861,27411,,,,,,2017-11-14T06:30:00Z,14,11,2017,8631083,5218855,HUMAN_OBSERVATION,iNaturalist,Observations,16376328,,,2019-08-21T14:02:10Z,CC_BY_NC_4_0,wtobin,wtobin,,,2019-11-29T15:09:56.106Z,StillImage,COORDINATE_ROUNDED;GEODETIC_DATUM_ASSUMED_WGS84,1,202436,202436,20761,80871,149096,244056,,,20761,80871,,149096
67,1913174972,50c9509d-22c7-4a22-a47d-8c48425ef4a7,https://www.inaturalist.org/observations/16375545,Animalia,Chordata,Mammalia,Carnivora,Mustelidae,Martes,Martes pennanti,,SPECIES,"Pekania pennanti (Erxleben, 1777)",Pekania pennanti,,US,,Vermont,,,28eb1a3f-1c15-4a95-931a-4af90ecb574d,43.95925,-72.998311,27411,,,,,,2017-12-07T23:02:00Z,7,12,2017,8631083,5218855,HUMAN_OBSERVATION,iNaturalist,Observations,16375545,,,2019-08-21T14:02:09Z,CC_BY_NC_4_0,wtobin,wtobin,,,2019-11-29T15:10:07.099Z,StillImage,COORDINATE_ROUNDED;GEODETIC_DATUM_ASSUMED_WGS84,1,192104,192104,15283,71306,147593,242133,192104,192104,15283,71306,,147593
68,1883942373,50c9509d-22c7-4a22-a47d-8c48425ef4a7,https://www.inaturalist.org/observations/14630953,Animalia,Chordata,Mammalia,Carnivora,Mustelidae,Martes,Martes pennanti,,SPECIES,"Pekania pennanti (Erxleben, 1777)",Pekania pennanti,,US,,New York,,,28eb1a3f-1c15-4a95-931a-4af90ecb574d,42.7869,-73.80381,61,,,,,,2018-07-14T08:36:00Z,14,7,2018,8631083,5218855,HUMAN_OBSERVATION,iNaturalist,Observations,14630953,,,2019-08-21T14:01:36Z,CC_BY_NC_4_0,wrofe,wrofe,,,2019-11-29T15:10:05.993Z,StillImage,COORDINATE_ROUNDED;GEODETIC_DATUM_ASSUMED_WGS84,1,24086,24071,13390,23616,12762,18461,24086,24071,13390,23616,18461,12762
69,1883572405,50c9509d-22c7-4a22-a47d-8c48425ef4a7,https://www.inaturalist.org/observations/9556987,Animalia,Chordata,Mammalia,Carnivora,Mustelidae,Martes,Martes pennanti,,SPECIES,"Pekania pennanti (Erxleben, 1777)",Pekania pennanti,,US,,Vermont,,,28eb1a3f-1c15-4a95-931a-4af90ecb574d,44.33995,-73.073486,,,,,,,2018-01-20T00:00:00Z,20,1,2018,8631083,5218855,HUMAN_OBSERVATION,iNaturalist,Observations,9556987,,,,CC_BY_NC_4_0,Maura,Maura,,,2019-11-29T15:10:11.594Z,StillImage,COORDINATE_ROUNDED;GEODETIC_DATUM_ASSUMED_WGS84,1,228335,228335,19104,95453,209498,331554,,,19104,95453,,
70,1883568143,50c9509d-22c7-4a22-a47d-8c48425ef4a7,http://www.inaturalist.org/observations/4756263,Animalia,Chordata,Mammalia,Carnivora,Mustelidae,Martes,Martes pennanti,,SPECIES,"Pekania pennanti (Erxleben, 1777)",Pekania pennanti,,US,,Vermont,,,28eb1a3f-1c15-4a95-931a-4af90ecb574d,44.340962,-72.46113,,,,,,,2016-11-24T04:05:00Z,24,11,2016,8631083,5218855,HUMAN_OBSERVATION,iNaturalist,Observations,4756263,,,2019-08-21T13:41:41Z,CC_BY_NC_4_0,Erika Mitchell,Erika Mitchell,,,2019-11-29T15:10:02.073Z,StillImage,COORDINATE_ROUNDED;GEODETIC_DATUM_ASSUMED_WGS84,1,304014,304014,65346,148608,280354,375314,,,65346,148608,,
71,1880676573,50c9509d-22c7-4a22-a47d-8c48425ef4a7,https://www.inaturalist.org/observations/9992239,Animalia,Chordata,Mammalia,Carnivora,Mustelidae,Martes,Martes pennanti,,SPECIES,"Pekania pennanti (Erxleben, 1777)",Pekania pennanti,,US,,New Hampshire,,,28eb1a3f-1c15-4a95-931a-4af90ecb574d,43.726311,-72.259226,122,,,,,,2018-02-25T10:00:00Z,25,2,2018,8631083,5218855,HUMAN_OBSERVATION,iNaturalist,Observations,9992239,,,2019-08-21T13:46:50Z,CC_BY_NC_4_0,doughardy,doughardy,,,2019-11-29T15:09:03.049Z,StillImage,COORDINATE_ROUNDED;GEODETIC_DATUM_ASSUMED_WGS84,1,262455,261921,78921,149196,205992,290187,,,78921,149196,,
72,1880666600,50c9509d-22c7-4a22-a47d-8c48425ef4a7,https://www.inaturalist.org/observations/5148094,Animalia,Chordata,Mammalia,Carnivora,Mustelidae,Martes,Martes pennanti,,SPECIES,"Pekania pennanti (Erxleben, 1777)",Pekania pennanti,,US,,Vermont,,,28eb1a3f-1c15-4a95-931a-4af90ecb574d,44.534546,-73.266806,4,,,,,,2017-01-27T23:52:00Z,27,1,2017,8631083,5218855,HUMAN_OBSERVATION,iNaturalist,Observations,5148094,,,2019-08-21T13:42:56Z,CC_BY_NC_4_0,Winooski Valley Park District,Winooski Valley Park District,,,2019-11-29T15:08:54.920Z,StillImage,COORDINATE_ROUNDED;GEODETIC_DATUM_ASSUMED_WGS84,1,246703,246703,14139,76566,245733,378479,,,14139,76566,,
73,1847584029,50c9509d-22c7-4a22-a47d-8c48425ef4a7,https://www.inaturalist.org/observations/12727374,Animalia,Chordata,Mammalia,Carnivora,Mustelidae,Martes,Martes pennanti,,SPECIES,"Pekania pennanti (Erxleben, 1777)",Pekania pennanti,,US,,Vermont,,,28eb1a3f-1c15-4a95-931a-4af90ecb574d,43.833278,-72.633995,11908,,,,,,2018-05-09T00:00:00Z,9,5,2018,8631083,5218855,HUMAN_OBSERVATION,iNaturalist,Observations,12727374,,,2019-08-21T13:49:31Z,CC_BY_NC_4_0,Sarah Carline,Sarah Carline,,,2019-11-29T15:10:28.123Z,StillImage,COORDINATE_ROUNDED;GEODETIC_DATUM_ASSUMED_WGS84,7,216439,216362,36201,98469,161784,256074,,,36201,98469,,161784
74,1847443762,50c9509d-22c7-4a22-a47d-8c48425ef4a7,https://www.inaturalist.org/observations/12158905,Animalia,Chordata,Mammalia,Carnivora,Mustelidae,Martes,Martes pennanti,,SPECIES,"Pekania pennanti (Erxleben, 1777)",Pekania pennanti,,US,,Vermont,,,28eb1a3f-1c15-4a95-931a-4af90ecb574d,44.085088,-72.817383,95,,,,,,2018-04-17T00:00:00Z,17,4,2018,8631083,5218855,HUMAN_OBSERVATION,iNaturalist,Observations,12158905,,,2019-08-21T13:49:15Z,CC_BY_NC_4_0,Jito,Jito,,,2019-11-29T15:10:24.333Z,StillImage,GEODETIC_DATUM_ASSUMED_WGS84,1,226949,226949,21990,88281,185760,280721,,,21990,88281,,185760
75,1838013269,50c9509d-22c7-4a22-a47d-8c48425ef4a7,https://www.inaturalist.org/observations/10656698,Animalia,Chordata,Mammalia,Carnivora,Mustelidae,Martes,Martes pennanti,,SPECIES,"Pekania pennanti (Erxleben, 1777)",Pekania pennanti,,US,,Vermont,,,28eb1a3f-1c15-4a95-931a-4af90ecb574d,44.510768,-73.232718,224,,,,,,2018-02-12T13:57:00Z,12,2,2018,8631083,5218855,HUMAN_OBSERVATION,iNaturalist,Observations,10656698,,,2019-08-21T13:48:19Z,CC_BY_NC_4_0,Winooski Valley Park District,Winooski Valley Park District,,,2019-11-29T15:08:58.887Z,StillImage,COORDINATE_ROUNDED;GEODETIC_DATUM_ASSUMED_WGS84,3,248017,248017,15511,77938,238756,371501,,,15511,77938,,
76,1838009722,50c9509d-22c7-4a22-a47d-8c48425ef4a7,https://www.inaturalist.org/observations/10547005,Animalia,Chordata,Mammalia,Carnivora,Mustelidae,Martes,Martes pennanti,,SPECIES,"Pekania pennanti (Erxleben, 1777)",Pekania pennanti,,US,,Vermont,,,28eb1a3f-1c15-4a95-931a-4af90ecb574d,43.583309,-72.583641,,,,,,,2018-03-30T15:19:56Z,30,3,2018,8631083,5218855,HUMAN_OBSERVATION,iNaturalist,Observations,10547005,,,2019-08-21T13:47:58Z,CC_BY_NC_4_0,Todd Belanger,Todd Belanger,,,2019-11-29T15:09:03.466Z,StillImage,COORDINATE_ROUNDED;GEODETIC_DATUM_ASSUMED_WGS84,1,194650,194650,36244,96075,128339,209905,194650,194650,36244,96075,,128339
77,1838008573,50c9509d-22c7-4a22-a47d-8c48425ef4a7,https://www.inaturalist.org/observations/10439363,Animalia,Chordata,Mammalia,Carnivora,Mustelidae,Martes,Martes pennanti,,SPECIES,"Pekania pennanti (Erxleben, 1777)",Pekania pennanti,,US,,Vermont,,,28eb1a3f-1c15-4a95-931a-4af90ecb574d,44.445434,-73.231329,9,,,,,,2018-03-26T18:47:01Z,26,3,2018,8631083,5218855,HUMAN_OBSERVATION,iNaturalist,Observations,10439363,,,2019-08-21T13:47:36Z,CC_BY_NC_4_0,Sophie Mazowita,Sophie Mazowita,,,2019-11-29T15:09:01.890Z,,COORDINATE_ROUNDED;GEODETIC_DATUM_ASSUMED_WGS84,1,225966,225966,13248,75824,216705,349451,,,13248,75824,,
78,1837066743,50c9509d-22c7-4a22-a47d-8c48425ef4a7,https://www.inaturalist.org/observations/10401303,Animalia,Chordata,Mammalia,Carnivora,Mustelidae,Martes,Martes pennanti,,SPECIES,"Pekania pennanti (Erxleben, 1777)",Pekania pennanti,,US,,Vermont,,,28eb1a3f-1c15-4a95-931a-4af90ecb574d,44.444121,-73.226585,9,,,,,,2018-03-24T18:59:16Z,24,3,2018,8631083,5218855,HUMAN_OBSERVATION,iNaturalist,Observations,10401303,,,2019-08-21T13:47:29Z,CC_BY_NC_4_0,Sophie Mazowita,Sophie Mazowita,,,2019-11-29T15:10:02.156Z,,COORDINATE_ROUNDED;GEODETIC_DATUM_ASSUMED_WGS84,1,226537,226537,13248,76491,217276,350021,,,13248,76491,,
79,1836581629,50c9509d-22c7-4a22-a47d-8c48425ef4a7,https://www.inaturalist.org/observations/10098828,Animalia,Chordata,Mammalia,Carnivora,Mustelidae,Martes,Martes pennanti,,SPECIES,"Pekania pennanti (Erxleben, 1777)",Pekania pennanti,,US,,New Hampshire,,,28eb1a3f-1c15-4a95-931a-4af90ecb574d,42.842941,-72.46891,1559,,,,,,2018-03-04T00:00:00Z,4,3,2018,8631083,5218855,HUMAN_OBSERVATION,iNaturalist,Observations,10098828,,,2019-08-21T13:47:02Z,CC_BY_NC_4_0,darontansley,darontansley,,,2019-11-29T15:09:03.831Z,StillImage,GEODETIC_DATUM_ASSUMED_WGS84,1,198944,198972,67066,128873,119691,175475,198944,198972,67066,128873,175475,119691
80,1836579307,50c9509d-22c7-4a22-a47d-8c48425ef4a7,https://www.inaturalist.org/observations/10093536,Animalia,Chordata,Mammalia,Carnivora,Mustelidae,Martes,Martes pennanti,,SPECIES,"Pekania pennanti (Erxleben, 1777)",Pekania pennanti,,US,,New Hampshire,,,28eb1a3f-1c15-4a95-931a-4af90ecb574d,42.841234,-72.473888,488,,,,,,2018-03-04T14:56:00Z,4,3,2018,8631083,5218855,HUMAN_OBSERVATION,iNaturalist,Observations,10093536,,,2019-08-21T13:47:01Z,CC_BY_NC_4_0,darontansley,darontansley,,,2019-11-29T15:10:18.571Z,StillImage,COORDINATE_ROUNDED;GEODETIC_DATUM_ASSUMED_WGS84,1,198646,198674,66768,128575,119234,174860,198646,198674,66768,128575,174860,119234
81,1836569642,50c9509d-22c7-4a22-a47d-8c48425ef4a7,https://www.inaturalist.org/observations/10067544,Animalia,Chordata,Mammalia,Carnivora,Mustelidae,Martes,Martes pennanti,,SPECIES,"Pekania pennanti (Erxleben, 1777)",Pekania pennanti,,US,,Vermont,,,28eb1a3f-1c15-4a95-931a-4af90ecb574d,43.568915,-72.514054,27474,,,,,,2018-03-03T08:19:39Z,3,3,2018,8631083,5218855,HUMAN_OBSERVATION,iNaturalist,Observations,10067544,,,2019-08-21T13:47:00Z,CC_BY_NC_4_0,Todd Belanger,Todd Belanger,,,2019-11-29T15:10:19.879Z,StillImage,COORDINATE_ROUNDED;GEODETIC_DATUM_ASSUMED_WGS84,1,205933,205424,46287,106577,138811,219083,,,46287,106577,,138811
82,1831236949,50c9509d-22c7-4a22-a47d-8c48425ef4a7,https://www.inaturalist.org/observations/9992238,Animalia,Chordata,Mammalia,Carnivora,Mustelidae,Martes,Martes pennanti,,SPECIES,"Pekania pennanti (Erxleben, 1777)",Pekania pennanti,,US,,New Hampshire,,,28eb1a3f-1c15-4a95-931a-4af90ecb574d,43.726,-72.259,697,,,,,,2018-02-25T10:00:00Z,25,2,2018,8631083,5218855,HUMAN_OBSERVATION,iNaturalist,Observations,9992238,,,2019-08-21T13:46:49Z,CC_BY_NC_4_0,doughardy,doughardy,,,2019-11-29T15:10:04.244Z,StillImage,GEODETIC_DATUM_ASSUMED_WGS84,1,262455,261921,78921,149196,205992,290187,,,78921,149196,,
83,1831181723,50c9509d-22c7-4a22-a47d-8c48425ef4a7,https://www.inaturalist.org/observations/9845896,Animalia,Chordata,Mammalia,Carnivora,Mustelidae,Martes,Martes pennanti,,SPECIES,"Pekania pennanti (Erxleben, 1777)",Pekania pennanti,,US,,Vermont,,,28eb1a3f-1c15-4a95-931a-4af90ecb574d,44.508543,-73.230295,7,,,,,,2018-02-13T09:03:59Z,13,2,2018,8631083,5218855,HUMAN_OBSERVATION,iNaturalist,Observations,9845896,,,2019-08-21T13:46:37Z,CC_BY_NC_4_0,Sophie Mazowita,Sophie Mazowita,,,2019-11-29T15:09:01.413Z,,COORDINATE_ROUNDED;GEODETIC_DATUM_ASSUMED_WGS84,1,246744,246744,15130,77556,237483,370228,,,15130,77556,,
84,1831163673,50c9509d-22c7-4a22-a47d-8c48425ef4a7,https://www.inaturalist.org/observations/9729698,Animalia,Chordata,Mammalia,Carnivora,Mustelidae,Martes,Martes pennanti,,SPECIES,"Pekania pennanti (Erxleben, 1777)",Pekania pennanti,,US,,Vermont,,,28eb1a3f-1c15-4a95-931a-4af90ecb574d,44.459035,-73.064565,27317,,,,,,2018-01-30T23:44:00Z,30,1,2018,8631083,5218855,HUMAN_OBSERVATION,iNaturalist,Observations,9729698,,,2018-02-04T17:45:59Z,CC_BY_NC_4_0,evening,evening,,,2019-11-29T15:09:00.464Z,StillImage,COORDINATE_ROUNDED;GEODETIC_DATUM_ASSUMED_WGS84,3,259898,259898,19226,98340,244197,367358,,,19226,98340,,
85,1831096004,50c9509d-22c7-4a22-a47d-8c48425ef4a7,https://www.inaturalist.org/observations/10034599,Animalia,Chordata,Mammalia,Carnivora,Mustelidae,Martes,Martes pennanti,,SPECIES,"Pekania pennanti (Erxleben, 1777)",Pekania pennanti,,US,,Vermont,,,28eb1a3f-1c15-4a95-931a-4af90ecb574d,43.68975,-72.337848,9,,,,,,2018-02-28T11:07:44Z,28,2,2018,8631083,5218855,HUMAN_OBSERVATION,iNaturalist,Observations,10034599,,,2019-08-21T13:46:56Z,CC_BY_NC_4_0,Tom Norton,Tom Norton,,,2019-11-29T15:09:04.745Z,StillImage,COORDINATE_ROUNDED;GEODETIC_DATUM_ASSUMED_WGS84,1,243450,242916,65071,130705,185535,268993,,,65071,130705,,185535
86,1807308096,50c9509d-22c7-4a22-a47d-8c48425ef4a7,https://www.inaturalist.org/observations/9729495,Animalia,Chordata,Mammalia,Carnivora,Mustelidae,Martes,Martes pennanti,,SPECIES,"Pekania pennanti (Erxleben, 1777)",Pekania pennanti,,US,,Vermont,,,28eb1a3f-1c15-4a95-931a-4af90ecb574d,44.501845,-73.241667,,,,,,,2018-02-01T00:00:00Z,1,2,2018,8631083,5218855,HUMAN_OBSERVATION,iNaturalist,Observations,9729495,,,2019-08-21T13:46:15Z,CC_BY_NC_4_0,jxpepe,jxpepe,,,2019-11-29T15:09:00.163Z,StillImage,GEODETIC_DATUM_ASSUMED_WGS84,3,241554,241554,14455,76882,232293,365038,,,14455,76882,,
87,1806344095,50c9509d-22c7-4a22-a47d-8c48425ef4a7,https://www.inaturalist.org/observations/9558089,Animalia,Chordata,Mammalia,Carnivora,Mustelidae,Martes,Martes pennanti,,SPECIES,"Pekania pennanti (Erxleben, 1777)",Pekania pennanti,,US,,Vermont,,,28eb1a3f-1c15-4a95-931a-4af90ecb574d,44.484888,-72.750092,8,,,,,,2018-01-21T13:25:15Z,21,1,2018,8631083,5218855,HUMAN_OBSERVATION,iNaturalist,Observations,9558089,,,2019-08-21T13:45:54Z,CC_BY_NC_4_0,Kent McFarland,Kent McFarland,,,2019-11-29T15:08:58.963Z,StillImage,COORDINATE_ROUNDED;GEODETIC_DATUM_ASSUMED_WGS84,1,284258,284258,32424,116062,265307,374609,,,32424,116062,,
88,1806337232,50c9509d-22c7-4a22-a47d-8c48425ef4a7,https://www.inaturalist.org/observations/9540821,Animalia,Chordata,Mammalia,Carnivora,Mustelidae,Martes,Martes pennanti,,SPECIES,"Pekania pennanti (Erxleben, 1777)",Pekania pennanti,,US,,Vermont,,,28eb1a3f-1c15-4a95-931a-4af90ecb574d,43.635413,-72.530145,16,,,,,,2018-01-20T14:39:35Z,20,1,2018,8631083,5218855,HUMAN_OBSERVATION,iNaturalist,Observations,9540821,,,2019-08-21T13:45:53Z,CC_BY_NC_4_0,Kent McFarland,Kent McFarland,,,2019-11-29T15:08:59.046Z,StillImage,COORDINATE_ROUNDED;GEODETIC_DATUM_ASSUMED_WGS84,1,207402,207402,43712,104538,146213,229486,,,43712,104538,,146213
89,1802637008,50c9509d-22c7-4a22-a47d-8c48425ef4a7,https://www.inaturalist.org/observations/8336300,Animalia,Chordata,Mammalia,Carnivora,Mustelidae,Martes,Martes pennanti,,SPECIES,"Pekania pennanti (Erxleben, 1777)",Pekania pennanti,,US,,Vermont,,,28eb1a3f-1c15-4a95-931a-4af90ecb574d,44.449019,-73.222571,,,,,,,2017-04-02T00:00:00Z,2,4,2017,8631083,5218855,HUMAN_OBSERVATION,iNaturalist,Observations,8336300,,,2019-08-21T13:44:54Z,CC_BY_NC_4_0,Sophie Mazowita,Sophie Mazowita,,,2019-11-29T15:08:56.620Z,,GEODETIC_DATUM_ASSUMED_WGS84,7,230361,230361,16848,80166,221100,353845,,,16848,80166,,
90,1802637004,50c9509d-22c7-4a22-a47d-8c48425ef4a7,https://www.inaturalist.org/observations/8335786,Animalia,Chordata,Mammalia,Carnivora,Mustelidae,Martes,Martes pennanti,,SPECIES,"Pekania pennanti (Erxleben, 1777)",Pekania pennanti,,US,,Vermont,,,28eb1a3f-1c15-4a95-931a-4af90ecb574d,44.450486,-73.224365,5,,,,,,2017-04-02T00:00:00Z,2,4,2017,8631083,5218855,HUMAN_OBSERVATION,iNaturalist,Observations,8335786,,,2019-08-21T13:44:52Z,CC_BY_NC_4_0,Sophie Mazowita,Sophie Mazowita,,,2019-11-29T15:10:02.839Z,,GEODETIC_DATUM_ASSUMED_WGS84,9,232840,232840,18258,81319,223578,356324,,,18258,81319,,
91,1703202599,50c9509d-22c7-4a22-a47d-8c48425ef4a7,https://www.inaturalist.org/observations/8917992,Animalia,Chordata,Mammalia,Carnivora,Mustelidae,Martes,Martes pennanti,,SPECIES,"Pekania pennanti (Erxleben, 1777)",Pekania pennanti,,US,,Vermont,,,28eb1a3f-1c15-4a95-931a-4af90ecb574d,44.685917,-72.670805,5,,,,,,2017-11-24T10:16:35Z,24,11,2017,8631083,5218855,HUMAN_OBSERVATION,iNaturalist,Observations,8917992,,,2019-08-21T13:45:22Z,CC_BY_NC_4_0,Noel Dodge,Noel Dodge,,,2019-11-29T15:08:57.408Z,StillImage,COORDINATE_ROUNDED;GEODETIC_DATUM_ASSUMED_WGS84,1,335573,335573,50982,148674,317618,428750,,,50982,148674,,
92,1699379254,50c9509d-22c7-4a22-a47d-8c48425ef4a7,https://www.inaturalist.org/observations/8605070,Animalia,Chordata,Mammalia,Carnivora,Mustelidae,Martes,Martes pennanti,,SPECIES,"Pekania pennanti (Erxleben, 1777)",Pekania pennanti,,US,,Vermont,,,28eb1a3f-1c15-4a95-931a-4af90ecb574d,44.340747,-72.461283,,,,,,,2017-06-05T03:40:00Z,5,6,2017,8631083,5218855,HUMAN_OBSERVATION,iNaturalist,Observations,8605070,,,2019-08-21T13:45:03Z,CC_BY_NC_4_0,Erika Mitchell,Erika Mitchell,,,2019-11-29T15:09:00.667Z,StillImage,COORDINATE_ROUNDED;GEODETIC_DATUM_ASSUMED_WGS84,1,304014,304014,65346,148608,280354,375314,,,65346,148608,,
93,1677282173,50c9509d-22c7-4a22-a47d-8c48425ef4a7,https://www.inaturalist.org/observations/8336110,Animalia,Chordata,Mammalia,Carnivora,Mustelidae,Martes,Martes pennanti,,SPECIES,"Pekania pennanti (Erxleben, 1777)",Pekania pennanti,,US,,Vermont,,,28eb1a3f-1c15-4a95-931a-4af90ecb574d,44.450754,-73.222241,2,,,,,,2017-04-02T00:00:00Z,2,4,2017,8631083,5218855,HUMAN_OBSERVATION,iNaturalist,Observations,8336110,,,2019-08-21T13:44:53Z,CC_BY_NC_4_0,Sophie Mazowita,Sophie Mazowita,,,2019-11-29T15:08:56.458Z,,GEODETIC_DATUM_ASSUMED_WGS84,7,231665,231665,18152,81470,222403,355149,,,18152,81470,,
94,1677282032,50c9509d-22c7-4a22-a47d-8c48425ef4a7,https://www.inaturalist.org/observations/8336231,Animalia,Chordata,Mammalia,Carnivora,Mustelidae,Martes,Martes pennanti,,SPECIES,"Pekania pennanti (Erxleben, 1777)",Pekania pennanti,,US,,Vermont,,,28eb1a3f-1c15-4a95-931a-4af90ecb574d,44.450555,-73.221329,15,,,,,,2017-04-02T00:00:00Z,2,4,2017,8631083,5218855,HUMAN_OBSERVATION,iNaturalist,Observations,8336231,,,2019-08-21T13:44:54Z,CC_BY_NC_4_0,Sophie Mazowita,Sophie Mazowita,,,2019-11-29T15:09:00.512Z,,GEODETIC_DATUM_ASSUMED_WGS84,7,231665,231665,18152,81470,222403,355149,,,18152,81470,,
95,1671717011,50c9509d-22c7-4a22-a47d-8c48425ef4a7,http://www.inaturalist.org/observations/4159010,Animalia,Chordata,Mammalia,Carnivora,Mustelidae,Martes,Martes pennanti,,SPECIES,"Pekania pennanti (Erxleben, 1777)",Pekania pennanti,,US,,Vermont,,,28eb1a3f-1c15-4a95-931a-4af90ecb574d,44.341,-72.461163,,,,,,,2016-07-03T02:23:00Z,3,7,2016,8631083,5218855,HUMAN_OBSERVATION,iNaturalist,Observations,4159010,,,2019-08-21T13:40:58Z,CC_BY_NC_4_0,Erika Mitchell,Erika Mitchell,,,2019-11-29T15:09:57.840Z,StillImage,COORDINATE_ROUNDED;GEODETIC_DATUM_ASSUMED_WGS84,1,304014,304014,65346,148608,280354,375314,,,65346,148608,,
96,1671716759,50c9509d-22c7-4a22-a47d-8c48425ef4a7,http://www.inaturalist.org/observations/3050263,Animalia,Chordata,Mammalia,Carnivora,Mustelidae,Martes,Martes pennanti,,SPECIES,"Pekania pennanti (Erxleben, 1777)",Pekania pennanti,,US,,Vermont,,,28eb1a3f-1c15-4a95-931a-4af90ecb574d,44.476785,-73.186485,,,,,,,2015-09-07T23:26:00Z,7,9,2015,8631083,5218855,HUMAN_OBSERVATION,iNaturalist,Observations,3050263,,,2019-08-21T13:40:19Z,CC_BY_NC_4_0,Sophie Mazowita,Sophie Mazowita,,,2019-11-29T15:08:48.516Z,,COORDINATE_ROUNDED;GEODETIC_DATUM_ASSUMED_WGS84,1,259917,259917,27010,93045,250656,383402,,,27010,93045,,
97,1668815880,50c9509d-22c7-4a22-a47d-8c48425ef4a7,https://www.inaturalist.org/observations/7942880,Animalia,Chordata,Mammalia,Carnivora,Mustelidae,Martes,Martes pennanti,,SPECIES,"Pekania pennanti (Erxleben, 1777)",Pekania pennanti,,CA,,Ontario,,,28eb1a3f-1c15-4a95-931a-4af90ecb574d,44.492541,-76.019887,15,,,,,,2017-09-11T20:57:00Z,11,9,2017,8631083,5218855,HUMAN_OBSERVATION,iNaturalist,Observations,7942880,,,2019-08-21T13:44:34Z,CC_BY_NC_4_0,brianbarkley,brianbarkley,,,2019-11-29T15:10:18.098Z,StillImage,COORDINATE_ROUNDED;GEODETIC_DATUM_ASSUMED_WGS84,7,310712,168610,75216,128676,306528,394805,,168610,75216,128676,,
98,1668810595,50c9509d-22c7-4a22-a47d-8c48425ef4a7,https://www.inaturalist.org/observations/7903618,Animalia,Chordata,Mammalia,Carnivora,Mustelidae,Martes,Martes pennanti,,SPECIES,"Pekania pennanti (Erxleben, 1777)",Pekania pennanti,,US,,New York,,,28eb1a3f-1c15-4a95-931a-4af90ecb574d,42.52957,-73.653227,33,,,,,,2017-09-13T12:24:44Z,13,9,2017,8631083,5218855,HUMAN_OBSERVATION,iNaturalist,Observations,7903618,,,2019-08-21T13:44:29Z,CC_BY_NC_4_0,dogatheart,dogatheart,,,2019-11-29T15:08:58.526Z,StillImage,COORDINATE_ROUNDED;GEODETIC_DATUM_ASSUMED_WGS84,7,59177,59177,11303,41656,18051,30064,59177,59177,11303,41656,30064,18051
99,1668790150,50c9509d-22c7-4a22-a47d-8c48425ef4a7,http://www.inaturalist.org/observations/2672306,Animalia,Chordata,Mammalia,Carnivora,Mustelidae,Martes,Martes pennanti,,SPECIES,"Pekania pennanti (Erxleben, 1777)",Pekania pennanti,,US,,Vermont,,,28eb1a3f-1c15-4a95-931a-4af90ecb574d,43.601038,-72.563837,,,,,,,2016-02-11T09:53:36Z,11,2,2016,8631083,5218855,HUMAN_OBSERVATION,iNaturalist,Observations,2672306,,,2019-08-21T13:44:36Z,CC_BY_NC_4_0,Kent McFarland,Kent McFarland,,,2019-11-29T15:09:32.797Z,StillImage,COORDINATE_ROUNDED;GEODETIC_DATUM_ASSUMED_WGS84,7,200436,200436,40063,100353,135895,217461,,,40063,100353,,135895
100,1640128757,50c9509d-22c7-4a22-a47d-8c48425ef4a7,https://www.inaturalist.org/observations/7908961,Animalia,Chordata,Mammalia,Carnivora,Mustelidae,Martes,Martes pennanti,,SPECIES,"Pekania pennanti (Erxleben, 1777)",Pekania pennanti,,US,,Vermont,,,28eb1a3f-1c15-4a95-931a-4af90ecb574d,44.490543,-73.111221,2998,,,,,,2017-09-13T07:00:00Z,13,9,2017,8631083,5218855,HUMAN_OBSERVATION,iNaturalist,Observations,7908961,,,2017-09-14T00:11:18Z,CC_BY_NC_4_0,darells,darells,,,2019-11-29T15:08:58.326Z,StillImage,COORDINATE_ROUNDED;GEODETIC_DATUM_ASSUMED_WGS84,13,287271,287271,31371,110485,271570,396410,,,31371,110485,,
101,1584406915,50c9509d-22c7-4a22-a47d-8c48425ef4a7,https://www.inaturalist.org/observations/7130243,Animalia,Chordata,Mammalia,Carnivora,Mustelidae,Martes,Martes pennanti,,SPECIES,"Pekania pennanti (Erxleben, 1777)",Pekania pennanti,,US,,Vermont,,,28eb1a3f-1c15-4a95-931a-4af90ecb574d,43.738732,-72.524915,31,,,,,,2014-09-19T09:46:00Z,19,9,2014,8631083,5218855,HUMAN_OBSERVATION,iNaturalist,Observations,7130243,,,2019-08-21T13:44:12Z,CC_BY_NC_4_0,Ed Sharron,Ed Sharron,,,2019-11-29T15:09:59.840Z,StillImage,COORDINATE_ROUNDED;GEODETIC_DATUM_ASSUMED_WGS84,1,215112,215112,44132,105930,159359,243830,,,44132,105930,,159359
102,1563447419,50c9509d-22c7-4a22-a47d-8c48425ef4a7,https://www.inaturalist.org/observations/6458860,Animalia,Chordata,Mammalia,Carnivora,Mustelidae,Martes,Martes pennanti,,SPECIES,"Pekania pennanti (Erxleben, 1777)",Pekania pennanti,,US,,Vermont,,,28eb1a3f-1c15-4a95-931a-4af90ecb574d,43.635646,-72.538669,500,,,,,,2017-05-28T10:53:00Z,28,5,2017,8631083,5218855,HUMAN_OBSERVATION,iNaturalist,Observations,6458860,,,2019-08-21T13:43:56Z,CC_BY_NC_4_0,Kyle Jones,Kyle Jones,,,2019-11-29T15:10:08.987Z,StillImage,GEODETIC_DATUM_ASSUMED_WGS84,1,206228,206228,42618,103445,145039,228312,,,42618,103445,,145039
103,1562874617,50c9509d-22c7-4a22-a47d-8c48425ef4a7,http://www.inaturalist.org/observations/2726654,Animalia,Chordata,Mammalia,Carnivora,Mustelidae,Martes,Martes pennanti,,SPECIES,"Pekania pennanti (Erxleben, 1777)",Pekania pennanti,,US,,Pennsylvania,,,28eb1a3f-1c15-4a95-931a-4af90ecb574d,41.423233,-75.544705,27785,,,,,,2013-05-23T18:33:11Z,23,5,2013,8631083,5218855,HUMAN_OBSERVATION,iNaturalist,Observations,2726654,,,2019-08-21T13:40:07Z,CC_BY_NC_4_0,Jessica Newbern,Jessica Newbern,,,2019-11-29T15:09:53.266Z,StillImage,COORDINATE_ROUNDED;GEODETIC_DATUM_ASSUMED_WGS84,1,228226,161197,123348,160426,176133,235016,,161197,123348,160426,,176133
104,1457643141,50c9509d-22c7-4a22-a47d-8c48425ef4a7,https://www.inaturalist.org/observations/5683070,Animalia,Chordata,Mammalia,Carnivora,Mustelidae,Martes,Martes pennanti,,SPECIES,"Pekania pennanti (Erxleben, 1777)",Pekania pennanti,,US,,Vermont,,,28eb1a3f-1c15-4a95-931a-4af90ecb574d,44.86588,-73.340364,15,,,,,,2017-04-13T00:00:00Z,13,4,2017,8631083,5218855,HUMAN_OBSERVATION,iNaturalist,Observations,5683070,,,2019-08-21T13:43:42Z,CC_BY_NC_4_0,hobiecat,hobiecat,,,2019-11-29T15:10:04.587Z,StillImage,COORDINATE_ROUNDED;GEODETIC_DATUM_ASSUMED_WGS84,7,277017,262586,23916,90267,296700,439235,,,23916,90267,,
105,1457638002,50c9509d-22c7-4a22-a47d-8c48425ef4a7,https://www.inaturalist.org/observations/5660727,Animalia,Chordata,Mammalia,Carnivora,Mustelidae,Martes,Martes pennanti,,SPECIES,"Pekania pennanti (Erxleben, 1777)",Pekania pennanti,,US,,Vermont,,,28eb1a3f-1c15-4a95-931a-4af90ecb574d,43.636392,-72.538725,500,,,,,,2017-03-24T08:27:00Z,24,3,2017,8631083,5218855,HUMAN_OBSERVATION,iNaturalist,Observations,5660727,,,2019-08-21T13:43:38Z,CC_BY_NC_4_0,Kyle Jones,Kyle Jones,,,2019-11-29T15:08:54.995Z,StillImage,COORDINATE_ROUNDED;GEODETIC_DATUM_ASSUMED_WGS84,1,206228,206228,42618,103445,145039,228312,,,42618,103445,,145039
106,1457609373,50c9509d-22c7-4a22-a47d-8c48425ef4a7,https://www.inaturalist.org/observations/5574598,Animalia,Chordata,Mammalia,Carnivora,Mustelidae,Martes,Martes pennanti,,SPECIES,"Pekania pennanti (Erxleben, 1777)",Pekania pennanti,,US,,Vermont,,,28eb1a3f-1c15-4a95-931a-4af90ecb574d,44.452253,-73.225088,10,,,,,,2017-04-02T10:17:55Z,2,4,2017,8631083,5218855,HUMAN_OBSERVATION,iNaturalist,Observations,5574598,,,2019-08-21T13:43:33Z,CC_BY_NC_4_0,Sophie Mazowita,Sophie Mazowita,,,2019-11-29T15:08:55.704Z,,COORDINATE_ROUNDED;GEODETIC_DATUM_ASSUMED_WGS84,9,231032,231032,16312,78739,221771,354516,,,16312,78739,,
107,1457609371,50c9509d-22c7-4a22-a47d-8c48425ef4a7,https://www.inaturalist.org/observations/5574599,Animalia,Chordata,Mammalia,Carnivora,Mustelidae,Martes,Martes pennanti,,SPECIES,"Pekania pennanti (Erxleben, 1777)",Pekania pennanti,,US,,Vermont,,,28eb1a3f-1c15-4a95-931a-4af90ecb574d,44.454447,-73.225429,10,,,,,,2017-04-02T11:22:36Z,2,4,2017,8631083,5218855,HUMAN_OBSERVATION,iNaturalist,Observations,5574599,,,2019-08-21T13:43:33Z,CC_BY_NC_4_0,Sophie Mazowita,Sophie Mazowita,,,2019-11-29T15:08:55.867Z,,COORDINATE_ROUNDED;GEODETIC_DATUM_ASSUMED_WGS84,9,231156,231156,15902,78329,221894,354640,,,15902,78329,,
108,1457603349,50c9509d-22c7-4a22-a47d-8c48425ef4a7,https://www.inaturalist.org/observations/5555197,Animalia,Chordata,Mammalia,Carnivora,Mustelidae,Martes,Martes pennanti,,SPECIES,"Pekania pennanti (Erxleben, 1777)",Pekania pennanti,,US,,Vermont,,,28eb1a3f-1c15-4a95-931a-4af90ecb574d,43.635852,-72.536167,150,,,,,,2017-02-26T18:02:00Z,26,2,2017,8631083,5218855,HUMAN_OBSERVATION,iNaturalist,Observations,5555197,,,2019-08-21T13:43:26Z,CC_BY_NC_4_0,Kyle Jones,Kyle Jones,,,2019-11-29T15:08:56.656Z,StillImage,COORDINATE_ROUNDED;GEODETIC_DATUM_ASSUMED_WGS84,1,206588,206588,42963,103789,145399,228672,,,42963,103789,,145399
109,1453485396,50c9509d-22c7-4a22-a47d-8c48425ef4a7,https://www.inaturalist.org/observations/5240791,Animalia,Chordata,Mammalia,Carnivora,Mustelidae,Martes,Martes pennanti,,SPECIES,"Pekania pennanti (Erxleben, 1777)",Pekania pennanti,,US,,Vermont,,,28eb1a3f-1c15-4a95-931a-4af90ecb574d,44.475084,-73.187347,,,,,,,2017-03-01T00:00:00Z,1,3,2017,8631083,5218855,HUMAN_OBSERVATION,iNaturalist,Observations,5240791,,,2019-08-21T13:43:02Z,CC_BY_NC_4_0,Jack Leonard,Jack Leonard,,,2019-11-29T15:08:53.300Z,StillImage,GEODETIC_DATUM_ASSUMED_WGS84,8,260907,260907,27948,94035,251646,384392,,,27948,94035,,
110,1453367968,50c9509d-22c7-4a22-a47d-8c48425ef4a7,https://www.inaturalist.org/observations/4980334,Animalia,Chordata,Mammalia,Carnivora,Mustelidae,Martes,Martes pennanti,,SPECIES,"Pekania pennanti (Erxleben, 1777)",Pekania pennanti,,US,,Vermont,,,28eb1a3f-1c15-4a95-931a-4af90ecb574d,42.862355,-72.575866,8,,,,,,2017-01-20T13:48:02Z,20,1,2017,8631083,5218855,HUMAN_OBSERVATION,iNaturalist,Observations,4980334,,,2019-08-21T13:42:04Z,CC_BY_NC_4_0,Sophie Mazowita,Sophie Mazowita,,,2019-11-29T15:08:54.268Z,,COORDINATE_ROUNDED;GEODETIC_DATUM_ASSUMED_WGS84,1,183094,182542,55162,115678,104578,158548,183094,182542,55162,115678,158548,104578
111,1453361248,50c9509d-22c7-4a22-a47d-8c48425ef4a7,https://www.inaturalist.org/observations/4964746,Animalia,Chordata,Mammalia,Carnivora,Mustelidae,Martes,Martes pennanti,,SPECIES,"Pekania pennanti (Erxleben, 1777)",Pekania pennanti,,US,,Vermont,,,28eb1a3f-1c15-4a95-931a-4af90ecb574d,44.340992,-72.461175,,,,,,,2017-01-01T22:07:00Z,1,1,2017,8631083,5218855,HUMAN_OBSERVATION,iNaturalist,Observations,4964746,,,2019-08-21T13:42:02Z,CC_BY_NC_4_0,Erika Mitchell,Erika Mitchell,,,2019-11-29T15:10:06.912Z,StillImage,COORDINATE_ROUNDED;GEODETIC_DATUM_ASSUMED_WGS84,1,304014,304014,65346,148608,280354,375314,,,65346,148608,,
112,1453324085,50c9509d-22c7-4a22-a47d-8c48425ef4a7,https://www.inaturalist.org/observations/4880768,Animalia,Chordata,Mammalia,Carnivora,Mustelidae,Martes,Martes pennanti,,SPECIES,"Pekania pennanti (Erxleben, 1777)",Pekania pennanti,,US,,Vermont,,,28eb1a3f-1c15-4a95-931a-4af90ecb574d,44.70604,-73.336272,31,,,,,,2017-01-01T00:00:00Z,1,1,2017,8631083,5218855,HUMAN_OBSERVATION,iNaturalist,Observations,4880768,,,2019-08-21T13:41:56Z,CC_BY_NC_4_0,hobiecat,hobiecat,,,2019-11-29T15:08:54.889Z,StillImage,COORDINATE_ROUNDED;GEODETIC_DATUM_ASSUMED_WGS84,1,263260,262777,15877,74318,272347,414882,,,15877,74318,,
113,1453307652,50c9509d-22c7-4a22-a47d-8c48425ef4a7,https://www.inaturalist.org/observations/4841824,Animalia,Chordata,Mammalia,Carnivora,Mustelidae,Martes,Martes pennanti,,SPECIES,"Pekania pennanti (Erxleben, 1777)",Pekania pennanti,,US,,Vermont,,,28eb1a3f-1c15-4a95-931a-4af90ecb574d,44.653625,-72.672683,,,,,,,2016-12-25T10:16:30Z,25,12,2016,8631083,5218855,HUMAN_OBSERVATION,iNaturalist,Observations,4841824,,,2019-08-21T13:41:48Z,CC_BY_NC_4_0,Noel Dodge,Noel Dodge,,,2019-11-29T15:09:53.812Z,StillImage,COORDINATE_ROUNDED;GEODETIC_DATUM_ASSUMED_WGS84,1,329149,329149,49975,147602,311195,422326,,,49975,147602,,
114,1453297380,50c9509d-22c7-4a22-a47d-8c48425ef4a7,https://www.inaturalist.org/observations/4795779,Animalia,Chordata,Mammalia,Carnivora,Mustelidae,Martes,Martes pennanti,,SPECIES,"Pekania pennanti (Erxleben, 1777)",Pekania pennanti,,US,,Vermont,,,28eb1a3f-1c15-4a95-931a-4af90ecb574d,44.53312,-73.266556,31,,,,,,2016-12-19T12:18:00Z,19,12,2016,8631083,5218855,HUMAN_OBSERVATION,iNaturalist,Observations,4795779,,,2019-08-21T13:41:45Z,CC_BY_NC_4_0,Winooski Valley Park District,Winooski Valley Park District,,,2019-11-29T15:09:58.090Z,StillImage,COORDINATE_ROUNDED;GEODETIC_DATUM_ASSUMED_WGS84,1,246703,246703,14139,76566,245584,378330,,,14139,76566,,
115,1453280021,50c9509d-22c7-4a22-a47d-8c48425ef4a7,http://www.inaturalist.org/observations/4758414,Animalia,Chordata,Mammalia,Carnivora,Mustelidae,Martes,Martes pennanti,,SPECIES,"Pekania pennanti (Erxleben, 1777)",Pekania pennanti,,US,,Vermont,,,28eb1a3f-1c15-4a95-931a-4af90ecb574d,44.482457,-73.179595,22,,,,,,2016-12-11T16:00:00Z,11,12,2016,8631083,5218855,HUMAN_OBSERVATION,iNaturalist,Observations,4758414,,,2019-08-21T13:41:42Z,CC_BY_NC_4_0,Sophie Mazowita,Sophie Mazowita,,,2019-11-29T15:10:02.076Z,,COORDINATE_ROUNDED;GEODETIC_DATUM_ASSUMED_WGS84,9,261668,261668,27137,94796,252407,385153,,,27137,94796,,
116,1453278962,50c9509d-22c7-4a22-a47d-8c48425ef4a7,http://www.inaturalist.org/observations/4756253,Animalia,Chordata,Mammalia,Carnivora,Mustelidae,Martes,Martes pennanti,,SPECIES,"Pekania pennanti (Erxleben, 1777)",Pekania pennanti,,US,,Vermont,,,28eb1a3f-1c15-4a95-931a-4af90ecb574d,44.340962,-72.46113,,,,,,,2016-11-19T19:33:00Z,19,11,2016,8631083,5218855,HUMAN_OBSERVATION,iNaturalist,Observations,4756253,,,2019-08-21T13:41:40Z,CC_BY_NC_4_0,Erika Mitchell,Erika Mitchell,,,2019-11-29T15:09:51.941Z,StillImage,COORDINATE_ROUNDED;GEODETIC_DATUM_ASSUMED_WGS84,1,304014,304014,65346,148608,280354,375314,,,65346,148608,,
117,1453278957,50c9509d-22c7-4a22-a47d-8c48425ef4a7,http://www.inaturalist.org/observations/4756219,Animalia,Chordata,Mammalia,Carnivora,Mustelidae,Martes,Martes pennanti,,SPECIES,"Pekania pennanti (Erxleben, 1777)",Pekania pennanti,,US,,Vermont,,,28eb1a3f-1c15-4a95-931a-4af90ecb574d,44.340962,-72.46113,,,,,,,2016-11-09T02:26:00Z,9,11,2016,8631083,5218855,HUMAN_OBSERVATION,iNaturalist,Observations,4756219,,,2019-08-21T13:41:39Z,CC_BY_NC_4_0,Erika Mitchell,Erika Mitchell,,,2019-11-29T15:09:34.248Z,StillImage,COORDINATE_ROUNDED;GEODETIC_DATUM_ASSUMED_WGS84,1,304014,304014,65346,148608,280354,375314,,,65346,148608,,
118,1453278954,50c9509d-22c7-4a22-a47d-8c48425ef4a7,http://www.inaturalist.org/observations/4756159,Animalia,Chordata,Mammalia,Carnivora,Mustelidae,Martes,Martes pennanti,,SPECIES,"Pekania pennanti (Erxleben, 1777)",Pekania pennanti,,US,,Vermont,,,28eb1a3f-1c15-4a95-931a-4af90ecb574d,44.340962,-72.46113,,,,,,,2016-11-03T22:34:00Z,3,11,2016,8631083,5218855,HUMAN_OBSERVATION,iNaturalist,Observations,4756159,,,2019-08-21T13:41:36Z,CC_BY_NC_4_0,Erika Mitchell,Erika Mitchell,,,2019-11-29T15:08:52.548Z,StillImage,COORDINATE_ROUNDED;GEODETIC_DATUM_ASSUMED_WGS84,1,304014,304014,65346,148608,280354,375314,,,65346,148608,,
119,1453278940,50c9509d-22c7-4a22-a47d-8c48425ef4a7,http://www.inaturalist.org/observations/4756144,Animalia,Chordata,Mammalia,Carnivora,Mustelidae,Martes,Martes pennanti,,SPECIES,"Pekania pennanti (Erxleben, 1777)",Pekania pennanti,,US,,Vermont,,,28eb1a3f-1c15-4a95-931a-4af90ecb574d,44.340962,-72.46113,,,,,,,2016-10-27T03:33:00Z,27,10,2016,8631083,5218855,HUMAN_OBSERVATION,iNaturalist,Observations,4756144,,,2019-08-21T13:41:35Z,CC_BY_NC_4_0,Erika Mitchell,Erika Mitchell,,,2019-11-29T15:09:42.733Z,StillImage,COORDINATE_ROUNDED;GEODETIC_DATUM_ASSUMED_WGS84,1,304014,304014,65346,148608,280354,375314,,,65346,148608,,
120,1453278904,50c9509d-22c7-4a22-a47d-8c48425ef4a7,http://www.inaturalist.org/observations/4756140,Animalia,Chordata,Mammalia,Carnivora,Mustelidae,Martes,Martes pennanti,,SPECIES,"Pekania pennanti (Erxleben, 1777)",Pekania pennanti,,US,,Vermont,,,28eb1a3f-1c15-4a95-931a-4af90ecb574d,44.340962,-72.46113,,,,,,,2016-10-25T06:05:00Z,25,10,2016,8631083,5218855,HUMAN_OBSERVATION,iNaturalist,Observations,4756140,,,2019-08-21T13:41:34Z,CC_BY_NC_4_0,Erika Mitchell,Erika Mitchell,,,2019-11-29T15:08:53.606Z,StillImage,COORDINATE_ROUNDED;GEODETIC_DATUM_ASSUMED_WGS84,1,304014,304014,65346,148608,280354,375314,,,65346,148608,,
121,1453136594,50c9509d-22c7-4a22-a47d-8c48425ef4a7,http://www.inaturalist.org/observations/4332077,Animalia,Chordata,Mammalia,Carnivora,Mustelidae,Martes,Martes pennanti,,SPECIES,"Pekania pennanti (Erxleben, 1777)",Pekania pennanti,,US,,Vermont,,,28eb1a3f-1c15-4a95-931a-4af90ecb574d,44.083928,-72.830575,,,,,,,2016-09-25T00:00:00Z,25,9,2016,8631083,5218855,HUMAN_OBSERVATION,iNaturalist,Observations,4332077,,,2019-08-21T13:41:09Z,CC_BY_NC_4_0,jameslsanford,jameslsanford,,,2019-11-29T15:10:04.005Z,StillImage,COORDINATE_ROUNDED;GEODETIC_DATUM_ASSUMED_WGS84,1,224840,224840,20385,86399,183984,278945,,,20385,86399,,183984
122,1453125234,50c9509d-22c7-4a22-a47d-8c48425ef4a7,http://www.inaturalist.org/observations/4294836,Animalia,Chordata,Mammalia,Carnivora,Mustelidae,Martes,Martes pennanti,,SPECIES,"Pekania pennanti (Erxleben, 1777)",Pekania pennanti,,US,,Vermont,,,28eb1a3f-1c15-4a95-931a-4af90ecb574d,43.695438,-72.315255,,,,,,,2016-10-07T09:43:46Z,7,10,2016,8631083,5218855,HUMAN_OBSERVATION,iNaturalist,Observations,4294836,,,2019-08-21T13:41:04Z,CC_BY_NC_4_0,Chris Rimmer,Chris Rimmer,,,2019-11-29T15:08:52.240Z,StillImage,COORDINATE_ROUNDED;GEODETIC_DATUM_ASSUMED_WGS84,6,249605,248711,70764,136416,192782,276507,,,70764,136416,,192782
123,1323011611,50c9509d-22c7-4a22-a47d-8c48425ef4a7,http://www.inaturalist.org/observations/4209642,Animalia,Chordata,Mammalia,Carnivora,Mustelidae,Martes,Martes pennanti,,SPECIES,"Pekania pennanti (Erxleben, 1777)",Pekania pennanti,,US,,Vermont,,,28eb1a3f-1c15-4a95-931a-4af90ecb574d,44.341,-72.461163,,,,,,,2016-07-25T04:19:00Z,25,7,2016,8631083,5218855,HUMAN_OBSERVATION,iNaturalist,Observations,4209642,,,2019-08-21T13:40:59Z,CC_BY_NC_4_0,Erika Mitchell,Erika Mitchell,,,2019-11-29T15:08:51.624Z,StillImage,COORDINATE_ROUNDED;GEODETIC_DATUM_ASSUMED_WGS84,1,304014,304014,65346,148608,280354,375314,,,65346,148608,,
124,1291135949,50c9509d-22c7-4a22-a47d-8c48425ef4a7,http://www.inaturalist.org/observations/3708938,Animalia,Chordata,Mammalia,Carnivora,Mustelidae,Martes,Martes pennanti,,SPECIES,"Pekania pennanti (Erxleben, 1777)",Pekania pennanti,,US,,Vermont,,,28eb1a3f-1c15-4a95-931a-4af90ecb574d,43.632849,-72.540092,2000,,,,,,2016-06-28T00:00:00Z,28,6,2016,8631083,5218855,HUMAN_OBSERVATION,iNaturalist,Observations,3708938,,,2019-08-21T13:40:50Z,CC_BY_NC_4_0,Kyle Jones,Kyle Jones,,,2019-11-29T15:08:51.391Z,StillImage,COORDINATE_ROUNDED;GEODETIC_DATUM_ASSUMED_WGS84,1,206048,206048,42649,103476,144757,228029,,,42649,103476,,144757
125,1269554306,50c9509d-22c7-4a22-a47d-8c48425ef4a7,http://www.inaturalist.org/observations/3156368,Animalia,Chordata,Mammalia,Carnivora,Mustelidae,Martes,Martes pennanti,,SPECIES,"Pekania pennanti (Erxleben, 1777)",Pekania pennanti,,US,,Vermont,,,28eb1a3f-1c15-4a95-931a-4af90ecb574d,44.330552,-72.761121,2,,,,,,2016-05-12T00:00:00Z,12,5,2016,8631083,5218855,HUMAN_OBSERVATION,iNaturalist,Observations,3156368,,,2019-08-21T13:40:37Z,CC_BY_NC_4_0,Zac Cota,Zac Cota,,,2019-11-29T15:09:52.684Z,StillImage,GEODETIC_DATUM_ASSUMED_WGS84,7,259156,259156,29347,110200,239983,340694,,,29347,110200,,
126,1269542388,50c9509d-22c7-4a22-a47d-8c48425ef4a7,http://www.inaturalist.org/observations/3091856,Animalia,Chordata,Mammalia,Carnivora,Mustelidae,Martes,Martes pennanti,,SPECIES,"Pekania pennanti (Erxleben, 1777)",Pekania pennanti,,US,,Vermont,,,28eb1a3f-1c15-4a95-931a-4af90ecb574d,44.515917,-73.233066,50,,,,,,2013-02-14T21:17:00Z,14,2,2013,8631083,5218855,HUMAN_OBSERVATION,iNaturalist,Observations,3091856,,,2019-08-21T13:40:27Z,CC_BY_NC_4_0,Sophie Mazowita,Sophie Mazowita,,,2019-11-29T15:09:52.620Z,,GEODETIC_DATUM_ASSUMED_WGS84,1,247672,247672,15108,77535,239327,372072,,,15108,77535,,
127,1249284873,50c9509d-22c7-4a22-a47d-8c48425ef4a7,http://www.inaturalist.org/observations/2644300,Animalia,Chordata,Mammalia,Carnivora,Mustelidae,Martes,Martes pennanti,,SPECIES,"Pekania pennanti (Erxleben, 1777)",Pekania pennanti,,US,,Vermont,,,28eb1a3f-1c15-4a95-931a-4af90ecb574d,44.65473,-72.673033,,,,,,,2016-02-04T11:01:03Z,4,2,2016,8631083,5218855,HUMAN_OBSERVATION,iNaturalist,Observations,2644300,,,2019-08-21T13:39:50Z,CC_BY_NC_4_0,Noel Dodge,Noel Dodge,,,2019-11-29T15:09:36.798Z,StillImage,COORDINATE_ROUNDED;GEODETIC_DATUM_ASSUMED_WGS84,1,329329,329329,50103,147730,311375,422506,,,50103,147730,,
128,1249276875,50c9509d-22c7-4a22-a47d-8c48425ef4a7,http://www.inaturalist.org/observations/2557131,Animalia,Chordata,Mammalia,Carnivora,Mustelidae,Martes,Martes pennanti,,SPECIES,"Pekania pennanti (Erxleben, 1777)",Pekania pennanti,,US,,Vermont,,,28eb1a3f-1c15-4a95-931a-4af90ecb574d,43.637594,-72.548053,8,,,,,,2016-01-03T10:54:31Z,3,1,2016,8631083,5218855,HUMAN_OBSERVATION,iNaturalist,Observations,2557131,,,2019-08-21T13:39:34Z,CC_BY_NC_4_0,Todd Belanger,Todd Belanger,,,2019-11-29T15:08:48.987Z,StillImage,COORDINATE_ROUNDED;GEODETIC_DATUM_ASSUMED_WGS84,1,204629,204629,41388,102215,143515,226787,,,41388,102215,,143515
129,1233600819,50c9509d-22c7-4a22-a47d-8c48425ef4a7,http://www.inaturalist.org/observations/2619271,Animalia,Chordata,Mammalia,Carnivora,Mustelidae,Martes,Martes pennanti,,SPECIES,"Pekania pennanti (Erxleben, 1777)",Pekania pennanti,,US,,Vermont,,,28eb1a3f-1c15-4a95-931a-4af90ecb574d,43.737864,-72.527339,58,,,,,,2014-01-18T05:20:31Z,18,1,2014,8631083,5218855,HUMAN_OBSERVATION,iNaturalist,Observations,2619271,,,2019-08-21T13:39:42Z,CC_BY_NC_4_0,Ed Sharron,Ed Sharron,,,2019-11-29T15:08:48.661Z,,GEODETIC_DATUM_ASSUMED_WGS84,2,214873,214873,43918,105716,159120,243591,,,43918,105716,,159120
130,1233598520,50c9509d-22c7-4a22-a47d-8c48425ef4a7,http://www.inaturalist.org/observations/2612459,Animalia,Chordata,Mammalia,Carnivora,Mustelidae,Martes,Martes pennanti,,SPECIES,"Pekania pennanti (Erxleben, 1777)",Pekania pennanti,,US,,Vermont,,,28eb1a3f-1c15-4a95-931a-4af90ecb574d,43.736982,-72.336932,75,,,,,,2016-01-14T00:00:00Z,14,1,2016,8631083,5218855,HUMAN_OBSERVATION,iNaturalist,Observations,2612459,,,2019-08-21T13:39:40Z,CC_BY_NC_4_0,Kent McFarland,Kent McFarland,,,2019-11-29T15:09:32.903Z,StillImage,GEODETIC_DATUM_ASSUMED_WGS84,1,246492,246492,65485,132964,190598,274821,,,65485,132964,,190598
131,1229612916,50c9509d-22c7-4a22-a47d-8c48425ef4a7,http://www.inaturalist.org/observations/2574050,Animalia,Chordata,Mammalia,Carnivora,Mustelidae,Martes,Martes pennanti,,SPECIES,"Pekania pennanti (Erxleben, 1777)",Pekania pennanti,,US,,Vermont,,,28eb1a3f-1c15-4a95-931a-4af90ecb574d,44.445907,-73.222829,,,,,,,2016-01-05T00:00:00Z,5,1,2016,8631083,5218855,HUMAN_OBSERVATION,iNaturalist,Observations,2574050,,,2019-08-21T13:39:37Z,CC_BY_NC_4_0,Sophie Mazowita,Sophie Mazowita,,,2019-11-29T15:08:50.291Z,,GEODETIC_DATUM_ASSUMED_WGS84,7,227301,227766,14254,77571,218505,351251,,,14254,77571,,
132,1227773397,50c9509d-22c7-4a22-a47d-8c48425ef4a7,http://www.inaturalist.org/observations/2562454,Animalia,Chordata,Mammalia,Carnivora,Mustelidae,Martes,Martes pennanti,,SPECIES,"Pekania pennanti (Erxleben, 1777)",Pekania pennanti,,US,,Vermont,,,28eb1a3f-1c15-4a95-931a-4af90ecb574d,43.63843,-72.542288,95,,,,,,2016-01-07T11:55:32Z,7,1,2016,8631083,5218855,HUMAN_OBSERVATION,iNaturalist,Observations,2562454,,,2019-08-21T13:39:35Z,CC_BY_NC_4_0,Kyle Jones,Kyle Jones,,,2019-11-29T15:09:32.067Z,StillImage,COORDINATE_ROUNDED;GEODETIC_DATUM_ASSUMED_WGS84,1,205707,205707,42097,102924,144742,228014,,,42097,102924,,144742
133,1227731859,50c9509d-22c7-4a22-a47d-8c48425ef4a7,http://www.inaturalist.org/observations/2425480,Animalia,Chordata,Mammalia,Carnivora,Mustelidae,Martes,Martes pennanti,,SPECIES,"Pekania pennanti (Erxleben, 1777)",Pekania pennanti,,US,,Vermont,,,28eb1a3f-1c15-4a95-931a-4af90ecb574d,44.278265,-72.717233,27348,,,,,,2015-11-13T00:45:31Z,13,11,2015,8631083,5218855,HUMAN_OBSERVATION,iNaturalist,Observations,2425480,,,2019-08-21T13:39:21Z,CC_BY_NC_4_0,Jason,Jason,,,2019-11-29T15:08:49.596Z,StillImage,COORDINATE_ROUNDED;GEODETIC_DATUM_ASSUMED_WGS84,8,256694,256694,29860,110714,235549,330509,,,29860,110714,,
134,1211999801,50c9509d-22c7-4a22-a47d-8c48425ef4a7,http://www.inaturalist.org/observations/2382964,Animalia,Chordata,Mammalia,Carnivora,Mustelidae,Martes,Martes pennanti,,SPECIES,"Pekania pennanti (Erxleben, 1777)",Pekania pennanti,,US,,Vermont,,,28eb1a3f-1c15-4a95-931a-4af90ecb574d,44.693144,-72.673612,10,,,,,,2015-11-15T10:34:23Z,15,11,2015,8631083,5218855,HUMAN_OBSERVATION,iNaturalist,Observations,2382964,,,2019-08-21T13:39:18Z,CC_BY_NC_4_0,Noel Dodge,Noel Dodge,,,2019-11-29T15:08:46.883Z,StillImage,GEODETIC_DATUM_ASSUMED_WGS84,1,336275,336275,50728,148420,318320,429451,,,50728,148420,,
135,1088922395,50c9509d-22c7-4a22-a47d-8c48425ef4a7,http://www.inaturalist.org/observations/1303268,Animalia,Chordata,Mammalia,Carnivora,Mustelidae,Martes,Martes pennanti,,SPECIES,"Pekania pennanti (Erxleben, 1777)",Pekania pennanti,,US,,Vermont,,,28eb1a3f-1c15-4a95-931a-4af90ecb574d,43.824088,-72.58638,,,,,,,2015-03-19T07:25:06Z,19,3,2015,8631083,5218855,HUMAN_OBSERVATION,iNaturalist,Observations,1303268,,,2019-08-21T13:38:54Z,CC_BY_NC_4_0,Kyle Jones,Kyle Jones,,,2019-11-29T15:09:50.769Z,StillImage,COORDINATE_ROUNDED;GEODETIC_DATUM_ASSUMED_WGS84,2,219938,218871,39728,101525,164084,256243,,,39728,101525,,164084
136,899952169,50c9509d-22c7-4a22-a47d-8c48425ef4a7,http://www.inaturalist.org/observations/578167,Animalia,Chordata,Mammalia,Carnivora,Mustelidae,Martes,Martes pennanti,,SPECIES,"Pekania pennanti (Erxleben, 1777)",Pekania pennanti,,US,,Vermont,,,28eb1a3f-1c15-4a95-931a-4af90ecb574d,44.285028,-72.573667,250,,,,,,2014-03-19T00:00:00Z,19,3,2014,8631083,5218855,HUMAN_OBSERVATION,iNaturalist,Observations,578167,,,2019-08-21T13:38:36Z,CC_BY_NC_4_0,North Branch Nature Center,North Branch Nature Center,,,2019-11-29T15:08:38.555Z,,GEODETIC_DATUM_ASSUMED_WGS84,6,283218,283218,49363,132624,257349,352310,,,49363,132624,,
137,891779542,50c9509d-22c7-4a22-a47d-8c48425ef4a7,http://www.inaturalist.org/observations/492605,Animalia,Chordata,Mammalia,Carnivora,Mustelidae,Martes,Martes pennanti,,SPECIES,"Pekania pennanti (Erxleben, 1777)",Pekania pennanti,,US,,New York,,,28eb1a3f-1c15-4a95-931a-4af90ecb574d,42.255357,-74.904785,6283,,,,,,2013-10-17T00:00:00Z,17,10,2013,8631083,5218855,HUMAN_OBSERVATION,iNaturalist,Observations,492605,,,2019-08-21T13:38:28Z,CC_BY_NC_4_0,lhussey,lhussey,,,2019-11-29T15:08:43.352Z,StillImage,GEODETIC_DATUM_ASSUMED_WGS84,8,49112,16956,8419,14464,3478,22415,49112,16956,8419,14464,22415,3478
138,891727876,50c9509d-22c7-4a22-a47d-8c48425ef4a7,http://www.inaturalist.org/observations/368391,Animalia,Chordata,Mammalia,Carnivora,Mustelidae,Martes,Martes pennanti,,SPECIES,"Pekania pennanti (Erxleben, 1777)",Pekania pennanti,,US,,Massachusetts,,,28eb1a3f-1c15-4a95-931a-4af90ecb574d,42.56917,-72.53373,8,,,,,,2013-08-17T10:56:46Z,17,8,2013,8631083,5218855,HUMAN_OBSERVATION,iNaturalist,Observations,368391,,,2019-08-21T13:38:20Z,CC_BY_NC_4_0,Rob Speiden,Rob Speiden,,,2019-11-29T15:09:41.679Z,StillImage,COORDINATE_ROUNDED;GEODETIC_DATUM_ASSUMED_WGS84,8,210331,210331,80441,140778,127141,181604,,,80441,140778,181604,127141
139,891126848,50c9509d-22c7-4a22-a47d-8c48425ef4a7,http://www.inaturalist.org/observations/204466,Animalia,Chordata,Mammalia,Carnivora,Mustelidae,Martes,Martes pennanti,,SPECIES,"Pekania pennanti (Erxleben, 1777)",Pekania pennanti,,US,,Vermont,,,28eb1a3f-1c15-4a95-931a-4af90ecb574d,44.69112,-73.34112,,,,,,,2013-02-23T00:00:00Z,23,2,2013,8631083,5218855,HUMAN_OBSERVATION,iNaturalist,Observations,204466,,,2019-08-21T13:38:09Z,CC_BY_NC_4_0,hobiecat,hobiecat,,,2019-11-29T15:09:43.008Z,StillImage,GEODETIC_DATUM_ASSUMED_WGS84,1,262626,262142,14730,73683,271712,414247,,,14730,73683,,
140,891124014,50c9509d-22c7-4a22-a47d-8c48425ef4a7,http://www.inaturalist.org/observations/197627,Animalia,Chordata,Mammalia,Carnivora,Mustelidae,Martes,Martes pennanti,,SPECIES,"Pekania pennanti (Erxleben, 1777)",Pekania pennanti,,US,,Vermont,,,28eb1a3f-1c15-4a95-931a-4af90ecb574d,43.634149,-72.528563,,,,,,,2011-02-18T18:02:07Z,18,2,2011,8631083,5218855,HUMAN_OBSERVATION,iNaturalist,Observations,197627,,,2019-08-21T13:38:04Z,CC_BY_NC_4_0,Ed Sharron,Ed Sharron,,,2019-11-29T15:08:36.291Z,,COORDINATE_ROUNDED;GEODETIC_DATUM_ASSUMED_WGS84,1,207476,207476,43786,104613,146288,229560,,,43786,104613,,146288
141,891123958,50c9509d-22c7-4a22-a47d-8c48425ef4a7,http://www.inaturalist.org/observations/197629,Animalia,Chordata,Mammalia,Carnivora,Mustelidae,Martes,Martes pennanti,,SPECIES,"Pekania pennanti (Erxleben, 1777)",Pekania pennanti,,US,,Vermont,,,28eb1a3f-1c15-4a95-931a-4af90ecb574d,43.632286,-72.523799,,,,,,,2011-02-13T16:14:47Z,13,2,2011,8631083,5218855,HUMAN_OBSERVATION,iNaturalist,Observations,197629,,,2019-08-21T13:38:06Z,CC_BY_NC_4_0,Ed Sharron,Ed Sharron,,,2019-11-29T15:08:37.922Z,,COORDINATE_ROUNDED;GEODETIC_DATUM_ASSUMED_WGS84,1,207827,207827,44137,104964,146610,229883,,,44137,104964,,146610
